title,company,location,link
1,코로나,2020.05.22,연합뉴스TV,코로나19에도 차세대 반도체·바이오헬스 수출 호조,"동영상 뉴스       	 	코로나19 사태 속에서도 차세대 반도체와 바이오헬스 등 8대 신산업 품목 수출은 호조를 보인 것으로 나타났습니다.한국무역협회 국제무역통상연구원이 발표한 '신성장품목 수출 동향과 시사점'을 보면, 8대 신산업의 올해 1분기 수출액은 210억 달러로 지난해 같은 기간보다 17% 늘었습니다.수출 규모가 큰 차세대 반도체와 코로나19 발 특수를 누린 바이오헬스 분야 수출은 전년 동기 대비 각각 22.9%, 26.3% 늘었고, 전기차 수출도 25.1% 급증했습니다.8대 신산업 분야에는 전기자동차와 로봇, 바이오헬스, 에너지 신산업, 첨단 신소재, 차세대 반도체 등이 포함됩니다.연합뉴스TV 기사문의 및 제보 : 카톡/라인 jebo23 ▶ 연합뉴스TV 네이버 채널 구독 ▶ 생방송 시청 ▶ 대한민국 뉴스의 시작, 연합뉴스TV 앱 다운받기"
2,코로나,2020.05.22,헤럴드경제,기보 ‘포스트 코로나19’ 혁신성장기업 발굴 적극 나선다,"우리은행과 금융지원 등 업무협약 체결기술보증기금 사옥 전경. [기보 제공][헤럴드경제 유재훈 기자] 기술보증기금이 코로나19 이후 신산업을 이끌어 갈 혁신성장기업 발굴에 적극 나선다.기보와 우리은행은 22일 서울시 중구 회현동 소재 우리은행 본점에서 ‘포스트 코로나 대응 혁신성장기업 발굴 및 금융지원을 위한 업무협약’을 체결했다.이번 협약을 통해 양 기관은 포스트 코로나에 대비해 기관 간 보유 역량을 활용하여 투·융자 부문 공동대응 체계를 구축하고, 혁신성장기업의 빠른 회복과 성장 지원에 적극 협력키로 했다.지원 대상기업은 사회적으로 선제적 지원이 필요한 ▷코로나19 피해 혁신성장기업 ▷바이오산업 영위기업 ▷비대면온라인 서비스 영위기업 ▷혁신성장분야기업 등이다.기보와 우리은행은 성장 가능성이 높은 혁신기업을 상호 추천해 공동 발굴하고, 투자정보를 공유하여 보증 및 후속투자를 지원한다. 기보가 추천한 혁신성장기업은 우리은행이 투자 및 여신을 지원하고, 우리은행이 투자한 혁신성장기업에 대해서는 기보가 투자연계보증을 적극 지원하는 방식이다.기보가 지원하는 ‘투자연계보증’은 민간에서 투자를 유치한 중소기업에 기술개발 및 사업화 등에 필요한 자금을 추가 공급해 중소기업의 스케일 업을 지원하는 우대보증상품이다.백경호 기보 이사는 “기보는 우리은행과의 협업을 통해 포스트 코로나 시대에 선제적으로 대응하고, 디지털 경제로의 대전환을 추진중인 정부 정책을 선도하는 데 최선을 다하겠다”고 밝혔다.▶[디;콘] 여론조사를 조사하다!▶우리동네 젠트리피케이션 위험도 ▶농수축산물 소비캠페인 - Copyrights ⓒ 헤럴드경제 & heraldbiz.com, 무단 전재 및 재배포 금지 -"
3,코로나,2020.05.22,서울신문,“코로나 감염 6주면 제 몸처럼” 몸짱 간호사의 비포 & 애프터,"[서울신문]‘수염 간호사’로 통하던 마이클 슐츠가 코로나19에 감염되기 전과 후를 비교해 인스타그램에 올린 셀피 사진.몸 근육이 빠져 많이 앙상해졌다.인스타그램 캡처 코로나19로 6주 동안 입원 치료를 받으면서 이렇게 몸이 변했어요. 체중이 86㎏에서 63㎏으로 확 줄었어요. 한눈에 봐도 몸이 많이 앙상해졌지요.마이크 슐츠라고 합니다. 종합격투기(MMA) 선수 지망생 같은 겉모습과 달리 미국 샌프란시스코에서 간호사로 일하고 있어요. 마흔세 살이고요.열심히 몸을 만들어 인스타그램 팔로어 3만명에게 근육 사진 자랑하는 것을 낙으로 여겼답니다. 그런데 지난 3월 4~10일(이하 현지시간) 플로리다주 마이애미 해변에서 개최된 윈터 파티 페스티벌에 참가했다가 그만 코로나19에 감염됐지요. 그 때 모두 38명이 페스티벌에 참가했다가 코로나에 걸린 것으로 조사됐는데 그 중 한 명이 저랍니다. 그 축제에 디제잉을 한 친구를 보러갔던 것이 화근이었죠.일주일 뒤부터 몸이 이상했어요. 같은 달 11일 세계보건기구(WHO)가 팬데믹(세계적 대유행)을 선언했고 얼마 뒤 미국도 봉쇄령을 발령했지만 같은 달 14일 보스턴까지 비행기를 타고 날아간 저는 그 친구를 다시 만나고 왔어요.21일 버즈피드 뉴스와 인터뷰하며 제가 일이 벌어지기 전까지는 심각하게 여기지 않았다고 털어놓았어요. 젊으니까 별 영향 없을 것이라고 생각했는데 많은 사람들도 그렇게 생각했던 것 같아요.이제 말씀드릴 수 있어요. 젊거나 기저질환이 없다고 해서 절대 바이러스로부터 안전할 수 없어요. 6주 동안 소독제 잔뜩 묻히고 산소호흡기를 찰 수도 있답니다. 그걸 여러분 모두 아셔야 해요.보스턴에서 돌아와 이틀 만에 입원했는데 체온이 섭씨 39도까지 치솟고 폐에 물이 찼다고 했어요. 알고 보니 정말 전 연약했어요. 그게 가장 절 좌절시키는 대목 가운데 하나였어요. 핸드폰 쥘 힘조차 없었어요. 너무 무겁더라고요. 손이 너무 흔들려 문자를 찍지도 못하겠더라고요.나흘 만에 더 큰 병원으로 옮겼어요. 네 주 반 정도 삽관을 하고 지냈어요. 이제 입원한 지 57일이 됐네요. 폐는 여전히 회복 중이며 미각을 잃을 정도로 코로나 영향은 심각했어요.봉쇄령을 비웃으며 축제에 참가했으니 당해도 싸다는 반응도 인스타그램 사진을 본 이들 사이에서 나오더라고요. 하지만 전 당분간 긍정적인 면에만 집중하려고 해요. 부정적인 글 때문에 속은 상하지만 그다지 괴롭지는 않아요. 왜냐하면 긍정적인 피드백도 못지 않게 많아서요.임병선 기자 bsnim@seoul.co.kr▶ 네이버에서 서울신문 구독하기 클릭! ▶ 세상에 이런 일이 ▶ [연예계 뒷얘기] 클릭!ⓒ 서울신문(www.seoul.co.kr), 무단전재 및 재배포금지"
4,코로나,2020.05.22,강원일보,"'코로나19' 관련 어린이 괴질 급속도로 확산 중… ""대유행 가능성 있어""","'코로나19' 관련 어린이 괴질 급속도로 확산 중…  ""대유행 가능성 있어"" ◇사진=연합뉴스코로나19와의 관련성이 의심되는 어린이 괴질이 전 세계에서 급속히 확산되고 있다.앤드루 쿠오모 뉴욕주지사는 21일(현지시간) 어린이 괴질 발생이 확인된 국가가 일주일 만에 7개국에서 13개국으로 늘었다고 밝혔다.미국 내에서 어린이 괴질이 발생한 주(州)도 지난주까지는 17개였지만, 일주일도 되지 않아 25개로 늘었다.쿠오모 지사는 어린이 괴질이 대유행할 가능성도 언급하면서 주의를 당부했다.'소아 다기관 염증 증후군'으로 불리는 이 질병은 영국과 이탈리아 등 유럽에서 처음 보고됐다.괴질을 앓는 어린이 환자들은 고열과 피부 발진, 복부 통증 등의 증상을 보이고, 심한 경우 관상동맥 염증으로 사망할 수 있다.다만 폐 질환이나 호흡곤란 등의 증상을 동반하지 않기 때문에 처음에는 코로나19와 별개의 질병으로 간주됐다.실제로 괴질 증상을 보이는 어린이 중 일부는 코로나19 검사에서 양성 반응이 나오지 않았다.일각에선 어린이 괴질이 코로나19 바이러스에 따른 면역 반응의 결과일 수 있다는 분석도 제기된다.최근 세계보건기구(WHO)는 어린이 괴질이 코로나19와 관련이 있다는 가정 아래 인과관계를 연구 중이다.한편 영국과 프랑스에서는 어린이 괴질과 관련해 사망 사례까지 보고됐다.영국에서는 지난 13일 아무런 기저 질환이 없던 14세 소년이 숨졌고, 프랑스에서는 15일 9세 어린이가 숨졌다.두 어린이는 모두 코로나19 검사에서 양성 반응을 보인 것으로 알려졌다.이태영 기자·주수현 기자ⓒ 강원일보, 무단 전재 및 재배포 금지"
5,코로나,2020.05.22,연합뉴스,뉴욕서 들어와 코로나19 확진된 충주 6세 여아 퇴원,"(청주=연합뉴스) 전창해 기자 = 미국 뉴욕에서 입국한 뒤 신종 코로나바이러스 감염증(코로나19) 확진 판정을 받았던 충북 충주 A(6)양이 완치돼 퇴원했다.[연합뉴스 자료사진]22일 충북도에 따르면 지난달 2일 코로나19 감염이 확인돼 충북대병원에 입원했던 A양이 전날 완치 판정을 받아 집으로 돌아갔다.    임상 증상이 사라진 A양은 두 차례 검사에서 모두 '음성' 판정을 받았다.     보건당국 관계자는 ""A양은 그동안 별다른 증상은 없었으나 검사 때마다 양성 반응이 나와 입원 기간이 50일 가까이 걸렸다""고 설명했다.    지난 3월 30일 언니(8)와 함께 인천공항을 통해 입국한 A양은 충주 목행동에 있는 조부모 집에서 자가격리 중 받은 검사에서 확진 판정됐다.    A양은 뉴욕에서 유학 중인 아버지와 어머니, 언니와 함께 지내다 미국 내 코로나19 사태가 커져 국내로 돌아왔다.    함께 귀국한 부모, 언니, 조부모는 진단검사 결과 모두 '음성'으로 확인됐다.    충북에서는 A양을 포함한 확진자 59명(타 시·도 8명) 가운데 45명이 완치 판정을 받았고, 타 시·도 확진자 전원을 포함한 14명은 입원 치료 중이다.    jeonch@yna.co.kr▶코로나19 속보는 네이버 연합뉴스에서 [구독 클릭]▶[팩트체크] 재난지원금 총정리▶제보하기"
6,코로나,2020.05.22,국민일보,코로나처럼 빠르다…어린이괴질 1주일새 13개국 확산,"붉은 두드러기 등 변종 괴질 증상을 보이는 어린이들의 모습. 트위터 캡처신종 코로나바이러스 감염증(코로나19)과 관련된 것으로 추정되는 ‘어린이 괴질’이 전 세계적으로 급속도로 확산하고 있다. 앤드루 쿠오모 뉴욕주지사는 21일(현지시간) 어린이 괴질의 발생이 공식 확인된 국가가 일주일 새 7개국에서 13개국으로 늘었다고 밝혔다. 미국 내에서 어린이 괴질이 발병한 주도 17개 주에서 25개로 크게 늘었다. 쿠오모 지사는 어린이 괴질이 대유행할 가능성을 언급하면서 주의를 당부했다.‘소아 다기관 염증 증후군’으로 불리는 어린이 괴질은 영국·이탈리아 등 유럽에서 처음 보고됐다. 이 병을 앓으면 고열, 피부 발진, 복부 통증 등의 증상을 보이고 심하면 관상동맥 염증으로 목숨을 잃을 수 있다. 지난 18일(현지시간) 미국 뉴욕 식량배급소에 긴 줄이 늘어선 가운데 마스크를 쓴 한 어린이가 걸어가고 있다. UPI 연합뉴스 그간 폐 질환이나 호흡곤란 등의 증상을 동반하지 않고 괴질 증상을 보이는 어린이 중 일부는 코로나19 검사에서 양성 반응이 나오지 않아 별개의 질병으로 간주돼 왔다.하지만 일각에서 어린이 괴질이 코로나19에 따른 면역 반응의 결과일 수 있다는 분석이 제기됐고, 세계보건기구(WHO)도 전 세계적으로 확산하는 어린이 괴질과 코로나19와의 연관성을 의심하며 경계를 당부한 바 있다. 현재 WHO는 어린이 괴질이 코로나19와 관련이 있다는 가정 아래 인과 관계를 연구하고 있다.앤드루 쿠오모 뉴욕주지사가 지난 17일(현지시간) 기자회견에서 신종 코로나바이러스 감염증(코로나19) 진단 테스트를 시연하고 있다. 신화통신 연합뉴스한편 쿠오모 지사는 이날 9월 새 학기 등교 개학 가능성에 대해 아직 결정하기에는 너무 이르다는 입장을 밝혔다. 그는 내달 중 개학 문제에 대한 주 정부 차원의 지침을 발표할 예정이다.박장군 기자 general@kmib.co.kr▶ 네이버에서 국민일보를 구독하세요(클릭)▶ 국민일보 홈페이지 바로가기GoodNews paper ⓒ 국민일보(www.kmib.co.kr), 무단전재 및 재배포금지"
7,코로나,2020.05.22,서울신문,"용산구, 코로나19 피해 자영업자 생존자금 지원","[서울신문]21일 용산구 자영업자 생존자금 콜센터에서 직원들이 전화 상담을 받고 있다.용산구 제공　서울 용산구가 코로나19로 피해를 입은 자영업자 생존자금을 지원한다고 22일 밝혔다.　2개월에 걸쳐 월 70만원씩 총 140만원을 현금으로 지급한다. 지원금은 용도 제한 없이 사용할 수 있다. 지난해 9월 이전 창업한 자영업자 중 지난해 연매출이 2억원 미만이어야 한다. 영업기간이 6개월 미만이면 연매출 1억원 미만이다. 신청일 기준 실제 영업중이면서 사업자등록증 상 주된 사업장 소재지가 용산구여야 한다. 폐업하거나 유흥업소, 도박, 향락 및 투기 등 불건전 업종은 제외된다.　지원을 원하는 자영업자는 온라인으로는 이달 25일부터 다음달 말일까지, 오프라인으로는 다음달 15일부터 말일까지 신청하면 된다. 공적 마스크 구매할 때와 마찬가지로 출생연도 끝자리 수에 따라 5부제로 신청할 수 있다. 끝자리가 1·6이면 월요일, 2·7이면 화요일, 3·8이면 수요일, 4·9면 목요일, 5·0이면 금요일에 접속 가능하다. 토·일요일은 따로 제한이 없다. 오프라인 신청은 우리은행 전 지점과 구청 4층에서 가능하다. 신분증, 사업자등록증, 통장사본이 필요하다.　용산구는 조운형 재정경제국장을 단장으로 하는 전담추진단을 구성해 총괄, 운영, 접수팀으로 나눴다. 기간제 근로자 5명을 긴급 채용해 전담 콜센터도 운영한다.　성장현 용산구청장은 “코로나 쇼크로 인해 국내 경기가 10년 전 글로벌 경제위기 수준으로 악화됐다”며 “서울시 방침에 따라 지역 내 1만 4000명에 달하는 자영업자 생존자금을 지급해 위기 극복에 앞장설 것”이라고 말했다.이민영 기자 min@seoul.co.kr▶ 네이버에서 서울신문 구독하기 클릭! ▶ 세상에 이런 일이 ▶ [연예계 뒷얘기] 클릭!ⓒ 서울신문(www.seoul.co.kr), 무단전재 및 재배포금지"
8,코로나,2020.05.22,inews24.com,"삼양사, '온택트' 마케팅으로 코로나19 위기 극복 나서","트루스위트·상쾌환·서브큐 등 식품 브랜드 앞세워 온라인 소통 강화[아이뉴스24 장유미 기자] 삼양사 식품사업 브랜드가 온라인을 통한 소통에 박차를 가한다.삼양그룹의 식품, 화학 계열사인 삼양사는 코로나19 위기 극복을 위해 식품 사업 브랜드별로 다양한 온택트 마케팅을 진행 중이라고 22일 밝혔다. 온택트는 비대면을 뜻하는 '언택트(Untact)'에 온라인을 통한 외부와의 연결(On)을 더한 개념이다.삼양사 큐원의 프리미엄 당 브랜드 '트루스위트(TRUSWEET)'는 매실의 제철을 맞아 공식 홈페이지에 트루스위트 자일로스 설탕을 활용한 매실청 레시피를 공유하고 다음달 7일까지 퀴즈 이벤트를 진행한다.삼양사는 자일로스 설탕으로 만든 매실청을 이용한 '참외 무침 비빔국수', '매실청 소스 탕수육' 레시피 등 다양한 응용 레시피도 함께 제시해 최근 코로나19로 확산된 집밥 트렌드에 발빠르게 대응 중이다. [사진=삼양사]삼양사 큐원의 숙취해소 제품 '상쾌환'은 온라인 이벤트로 신제품 인지도 제고 및 브랜드 파워 강화에 힘쓰고 있다. 현재 상쾌환은 신규 TV 광고 '상쾌환 아니면 상쾌환' 편 온에어를 기념해 공식 홈페이지에서 아이패드, 상쾌환 선물세트 등 푸짐한 경품을 내걸고 퀴즈 이벤트를 진행 중이다. 지난 달에는 상쾌환 스틱형 출시를 기념해 '상쾌환 스틱형 스타일' 이벤트를 공식 홈페이지에서 진행했다.삼양사의 식자재 유통사업 브랜드 '서브큐'는 코로나19로 직접적 타격을 입은 자영업자, 소상공인 등을 위해 선한 영향력을 발휘 중이다.서브큐는 코로나 극복을 기원하며 '마음을 전해 봄'이라는 댓글 이벤트를 이달 25일까지 서브큐 홈페이지에서 진행한다. 코로나19로 어려움을 겪고 있는 의료진, 소상공인을 비롯해 가족, 친구 등에게 사랑과 감사의 마음을 댓글로 남기면 추첨을 통해 무띠 토마토 소스, 트루스위트 알룰로스 등을 경품으로 제공한다. 지난달에는 차와 음료 전문 업체 삼원티앤비와 함께 소상공인과 예비창업자를 위해 '베이커리 및 카페 음료 세미나'를 온라인으로 개최해 많은 호응을 얻었다.삼양사 관계자는 ""코로나19로 소비자와 직접 만나기가 어려워지면서 온라인을 통한 소통 활동이 더욱 중요해졌다""며 ""포스트 코로나 시대에 대비해 실시간 온라인 방송 등 디지털 기술을 활용한 온택트 마케팅을 더욱 강화 할 것""이라고 밝혔다.장유미기자 sweet@inews24.com▶네이버 채널에서 '아이뉴스24'를 구독해주세요.▶재밌는 아이뉴스TV 영상보기  ▶아이뉴스24 바로가기[ⓒ 아이뉴스24 무단전재 및 재배포 금지]"
9,코로나,2020.05.22,연합뉴스,중국 베이징서 양회 개막에도 코로나19 신규 확진 4명,"'집단 감염' 지린성서 신규 확진 2명…무증상 감염 35명↑정협 개막식 참석자 대부분 마스크 착용(베이징 AP=연합뉴스) 중국 연례 최대 정치 행사인 양회(兩會) 시작을 알리는 인민정치협상회의(정협) 전국위원회 회의가 21일 베이징에서 개막, 시진핑 국가주석(맨 아래 왼쪽)이 회의장인 인민대회당에 도착하고 있다. ymarshal@yna.co.kr    (베이징=연합뉴스) 심재훈 특파원 = 중국의 최대 정치행사인 양회(兩會·전국인민대표대회와 전국인민정치협상회의) 개막 당일인 21일에도 신종 코로나바이러스 감염증(코로나19) 신규 확진자가 4명 나오는 등 여전히 코로나19 감염 추세가 이어졌다.    중국 정부가 코로나19 확진자로 공식 통계에 넣지 않는 무증상 감염자는 이날 하루 35명이 나왔다.     중국 국가위생건강위원회는 21일 하루 중국 본토의 코로나19 신규 확진자는 4명이며 사망자는 없었다고 22일 밝혔다.    신규 확진자는 최근 집단 감염으로 비상이 걸린 지린(吉林)성에서만 2명이 나왔다.     해외에서 역유입된 신규 확진자는 쓰촨(四川)성에서 2명이 보고됐다.    이에 따라 중국 내 코로나19 누적 확진자는 8만2천971명이 됐다.  화상 연결 방식으로 진행된 중국 양회 기자회견(베이징=연합뉴스) 김윤구 특파원 = 중국 양회(兩會·전국인민대표대회와 전국인민정치협상회의) 개막을 앞둔 20일 베이징 미디어센터에서 화상 연결 방식으로 기자회견이 열리고 있다. 2020.5.20 ykim@yna.co.kr    누적 사망자와 완치자는 각각 4천634명과 7만8천255명이며 현재 82명이 치료를 받고 있다.    무증상 감염자는 21일 하루 35명 발생해 현재 의학 관찰을 받는 무증상 감염자는 총 365명으로 늘어났다.    무증상 감염자는 발열이나 기침, 인후통 등 특별한 증상이 없지만, 코로나19 검사에서 양성이 나오는 사람을 말한다.    중국 본토 밖 중화권의 누적 확진자는 1천549명이다.    홍콩에서 1천63명(사망 4명), 마카오에서 45명, 대만에서 441명(사망 6명)의 확진자가 각각 나왔다.    president21@yna.co.kr▶코로나19 속보는 네이버 연합뉴스에서 [구독 클릭]▶[팩트체크] 재난지원금 총정리▶제보하기"
10,코로나,2020.05.22,inews24.com,"삼양사, '온택트' 마케팅으로 코로나19 위기 극복 나서","트루스위트·상쾌환·서브큐 등 식품 브랜드 앞세워 온라인 소통 강화[아이뉴스24 장유미 기자] 삼양사 식품사업 브랜드가 온라인을 통한 소통에 박차를 가한다.삼양그룹의 식품, 화학 계열사인 삼양사는 코로나19 위기 극복을 위해 식품 사업 브랜드별로 다양한 온택트 마케팅을 진행 중이라고 22일 밝혔다. 온택트는 비대면을 뜻하는 '언택트(Untact)'에 온라인을 통한 외부와의 연결(On)을 더한 개념이다.삼양사 큐원의 프리미엄 당 브랜드 '트루스위트(TRUSWEET)'는 매실의 제철을 맞아 공식 홈페이지에 트루스위트 자일로스 설탕을 활용한 매실청 레시피를 공유하고 다음달 7일까지 퀴즈 이벤트를 진행한다.삼양사는 자일로스 설탕으로 만든 매실청을 이용한 '참외 무침 비빔국수', '매실청 소스 탕수육' 레시피 등 다양한 응용 레시피도 함께 제시해 최근 코로나19로 확산된 집밥 트렌드에 발빠르게 대응 중이다. [사진=삼양사]삼양사 큐원의 숙취해소 제품 '상쾌환'은 온라인 이벤트로 신제품 인지도 제고 및 브랜드 파워 강화에 힘쓰고 있다. 현재 상쾌환은 신규 TV 광고 '상쾌환 아니면 상쾌환' 편 온에어를 기념해 공식 홈페이지에서 아이패드, 상쾌환 선물세트 등 푸짐한 경품을 내걸고 퀴즈 이벤트를 진행 중이다. 지난 달에는 상쾌환 스틱형 출시를 기념해 '상쾌환 스틱형 스타일' 이벤트를 공식 홈페이지에서 진행했다.삼양사의 식자재 유통사업 브랜드 '서브큐'는 코로나19로 직접적 타격을 입은 자영업자, 소상공인 등을 위해 선한 영향력을 발휘 중이다.서브큐는 코로나 극복을 기원하며 '마음을 전해 봄'이라는 댓글 이벤트를 이달 25일까지 서브큐 홈페이지에서 진행한다. 코로나19로 어려움을 겪고 있는 의료진, 소상공인을 비롯해 가족, 친구 등에게 사랑과 감사의 마음을 댓글로 남기면 추첨을 통해 무띠 토마토 소스, 트루스위트 알룰로스 등을 경품으로 제공한다. 지난달에는 차와 음료 전문 업체 삼원티앤비와 함께 소상공인과 예비창업자를 위해 '베이커리 및 카페 음료 세미나'를 온라인으로 개최해 많은 호응을 얻었다.삼양사 관계자는 ""코로나19로 소비자와 직접 만나기가 어려워지면서 온라인을 통한 소통 활동이 더욱 중요해졌다""며 ""포스트 코로나 시대에 대비해 실시간 온라인 방송 등 디지털 기술을 활용한 온택트 마케팅을 더욱 강화 할 것""이라고 밝혔다.장유미기자 sweet@inews24.com▶네이버 채널에서 '아이뉴스24'를 구독해주세요.▶재밌는 아이뉴스TV 영상보기  ▶아이뉴스24 바로가기[ⓒ 아이뉴스24 무단전재 및 재배포 금지]"
11,코로나,2020.05.22,매경닷컴,"정부, 해외건설 현장에 마스크 16만개 반출 허용…국내 근로자 코로나19 예방 차원","정부가 전세계적인 코로나19 감염병 확산에 따라, 우리 해외건설 현장의 방역관리 강화를 위한 마스크 15만9228개의 반출을 허용했다. 그 동안은 '마스크 및 손소독제 긴급수급조정조치'에 따라 마스크 반출은 원칙적으로 금지돼 해외 건설 근로자들은 국내 거주 가족이 보내주는 마스크를 사용해 왔다.국토교통부는 해외 건설기업의 마스크 수요와 현황을 조사하고, 산업통상자원부·식품의약품안전처 등 관계부처와의 긴밀한 협의를 통해 지난 21일 최종 반출승인을 받았다고 22일 밝혔다.번 반출허용으로 총 63개국, 398개 현장, 한국인 건설근로자 4423명에게 3개월 분량(36장/1인)의 마스크가 전달될 예정이며, 마스크 구매·확보 및 국제배송은 각 기업에서 진행한다.한편, 국토부는 지난 13일 코로나19 예방 및 확산방지를 위한 해외건설현장 대응 가이드라인을 배포해 우리 해외 건설현장 내 방역을 강화하도록 조치했으며, 해외 진출 주요기업 및 관계부처와 코로나 19 비상연락망을 구축해 상시 대응체계를 운영하고 있다. [디지털뉴스국 조성신 기자]▶네이버 메인에서 '매일경제'를 받아보세요▶매부리TV 구독하고 에어팟프로 득템!! ▶뉴스레터 '매콤달콤' 구독[ⓒ 매일경제 & mk.co.kr, 무단전재 및 재배포 금지]"
12,코로나,2020.05.22,inews24.com,'코로나 시대 스마트 교육법'…LG헬로비전 특집 방영,"유아교육 전문가 김창숙 교수…건강한 콘텐츠 이용 방안 제시[아이뉴스24 송혜리 기자] LG헬로비전이 '코로나 시대 스마트 교육법'을 주제로 가정의 달 특집 프로그램을 편성한다.LG헬로비전(대표 송구영) 지역채널은 '우리 아이 스마트 교육법'을 주제로 가정의 달 특집 프로그램을 마련했다고 22일 발표했다.헬로tv 이용자은 22일 오후 3시에 25번 채널에서 만나볼 수 있고 본방송 이후 유튜브 채널 'LG헬로비전 지역방송'에서도 시청할 수 있다.김창숙 교수(왼쪽)가 아이들에게 TV와 스마트 패드를 교육 도구로 인식시키도록 제안하고 있다. [출처=LG헬로비전]김창숙 단국대학교 사범대학 초빙교수가 전문 패널로 참여한 이번 특집은 코로나19 등으로 아이들의 콘텐츠 이용이 증가하면서 함께 늘어난 부모들의 '스마트 교육' 고민을 해소한다는 취지에서 마련했다. 김 교수는 디지털 시대 유아교육 해법을 제시해온 전문가로, 'U+tv 아이들나라' 서비스 자문도 맡은 바 있다.이번 특집은 ▲디지털 매체 똑똑하게 사용하는 법 ▲스마트 교육 기초 상식 O/X 퀴즈 ▲고민 상담소 등 다채로운 코너로 구성했다. 올바른 콘텐츠 이용을 위한 비법, 스마트 교육에 필요한 기초 상식, 부모들의 실질적 고민과 해결 방안까지 한 번에 접할 수 있다.김 교수는 이번 특집에서 올바른 미디어 활용을 위해 두 가지 방법을 제안했다. 김 교수는 ""아이들이 TV, 태블릿 등을 교구로 인식할 수 있도록 하는 것이 우선""이라며 ""그림을 그려보거나 교육용 콘텐츠를 활용하는 등 놀이에 앞서 학습 도구로 먼저 활용하라""고 제언했다.또 아이와 이야기를 나눠 하루에 몇 편의 콘텐츠를 볼 것인지 약속하고, 콘텐츠 시청 후에는 아이가 직접 TV 전원을 끄게 하라고 조언했다. 김 교수는 ""아이는 이런 과정을 통해 약속을 지키는 법에 대해 배울 수 있다""며 ""스스로 신체 및 감정을 조절하는 연습도 될 것""이라고 말했다.이와 함께 시청자들이 자녀 스마트 교육에 필요한 기초 상식을 퀴즈를 통해 알아볼 수 있도록 '스마트 교육법 O/X 퀴즈' 코너도 마련했다. 영상 매체 노출의 유해성, 디지털 매체의 현장학습 대체 가능 여부 등 부모들이 꼭 알아야 할 내용만을 담았다.'고민 상담소' 코너에서는 자녀의 콘텐츠 이용 습관에 대한 부모들의 걱정을 공유하고 해결책도 제시한다. 콘텐츠를 틀어주지 않으면 밥을 안 먹는 경우, 부모와의 놀이보다 콘텐츠를 더 좋아하는 경우 등 시청자들이 아이를 키우면서 실제로 겪을 법한 사례를 모아 소개한다.박은정 LG헬로비전 미디어사업담당은 ""가정의 달을 맞아 마련한 이번 대담이 자녀들의 스마트 매체 이용으로 고민하는 시청자들에게 도움이 되기를 기대한다""며 ""시의성 있는 특집 프로그램으로 시청자들에게 한 걸음 더 다가가겠다""고 말했다.송혜리기자 chewoo@inews24.com▶네이버 채널에서 '아이뉴스24'를 구독해주세요.▶재밌는 아이뉴스TV 영상보기  ▶아이뉴스24 바로가기[ⓒ 아이뉴스24 무단전재 및 재배포 금지]"
13,코로나,2020.05.22,아시아경제신문,"에스엘에스바이오, 코로나 진단키트 식약처 수출허가 획득","[아시아경제 금보령 기자] 에스엘에스바이오가 신종 코로나바이러스감염증(코로나19) 항체 진단키트에 대한 식품의약품안전처의 수출허가를 받았다.에스엘에스바이오는 식약처로부터 코로나19 항체 진단키트에 대해 수출허가를 획득했다고 22일 밝혔다.이번에 수출허가를 받은 제품은 '스마트테스트 코로나-19 항체 진단 키트'(SsmarTest COVID-19 IgG/IgM detection kit)다. 면역분석법을 이용해 인체의 혈액 내에 있는 코로나19 특이 항체(IgM/IgG) 존재 유무를 검사한다.에스엘에스바이오 관계자는 ""유증상 환자 혈액 시료 테스트 결과 코로나19 병증의 양성 및 음성에 대해 모두 90% 이상의 검사 정확도를 보였다. 특히 코로나19 감염 환자가 증상이 없거나 증상이 나타나기 전인 잠재 단계에서도 진단이 가능한 것이 특징이고, 감염 후 5일이 지난 환자들을 대량 진단하는 데 적합하다""며 ""앞으로 해당 제품에 대한 유럽 의료기기인증(CE) 및 미국 식품의약국(FDA) 제품 등록 등 해외 인허가를 진행하고 글로벌 시장 진출과 제품 상용화를 본격화할 계획""이라고 설명했다.한편 에스엘에스바이오는 지난달 코스닥 상장 예비심사청구서를 제출하는 등 이전상장을 추진하고 있다. 주요 사업은 의약품 품질관리, 신약개발 지원, 체외진단 플랫폼 및 의료기기, 항염증·항종양 신약 개발 등이다.금보령 기자 gold@asiae.co.kr▶ 2020년 하반기, 재물운·연애운·건강운 체크!▶ 네이버에서 아시아경제 뉴스를 받아보세요 ▶ 놀 준비 되었다면 드루와!  드링킷!<ⓒ경제를 보는 눈, 세계를 보는 창 아시아경제 무단전재 배포금지>"
14,코로나,2020.05.22,MBC,미국 '코로나19 실직'…지난주 실업수당 244만 건,"동영상 뉴스       	 	[930MBC뉴스]코로나19 확산의 여파로 미국의 대규모 실직 사태가 9주 연속 계속됐습니다.현지시간 21일 미국 노동부는 지난주 신규 실업수당 청구 건수가 244만 건을 기록했다고 밝혔습니다.코로나19 사태가 노동시장에 충격을 미치기 전인 지난 3월 초 많아야 21만 건이었던 신규 실업수당 청구 건수는 최근 9주 연속 주당 수백만 건을 기록하면서 미 노동부가 이를 집계하기 시작한 1967년 이후 최고 수준을 보이고 있습니다.박성원 기자 (want@mbc.co.kr)[저작권자(c) MBC (https://imnews.imbc.com) 무단복제-재배포 금지]▶ 네이버 홈에서 [MBC뉴스] 채널 구독하기▶ 새로움을 탐험하다. ""엠빅뉴스""▶ <5월 31일 개편> 뉴스데스크 보고 스트레이트 보고... 일요일 저녁이 더욱 풍성해집니다.Copyright(c) Since 1996, MBC&iMBC All rights reserved."
15,코로나,2020.05.22,한경닷컴,"[속보] 중국, 코로나 여파 속 올 경제성장률 목표 제시 안해","중국, 코로나 여파 속 올 경제성장률 목표 제시 안해<로이터>한경닷컴 뉴스룸 open@hankyung.com▶ 네이버에서 한국경제 뉴스를 받아보세요▶ 한경닷컴 바로가기  ▶ 모바일한경 구독신청 ⓒ 한국경제 & hankyung.com, 무단전재 및 재배포 금지"
16,코로나,2020.05.22,한경닷컴,"[속보] 중국, 코로나 여파 속 올 경제성장률 목표 제시 안해","중국, 코로나 여파 속 올 경제성장률 목표 제시 안해<로이터>한경닷컴 뉴스룸 open@hankyung.com▶ 네이버에서 한국경제 뉴스를 받아보세요▶ 한경닷컴 바로가기  ▶ 모바일한경 구독신청 ⓒ 한국경제 & hankyung.com, 무단전재 및 재배포 금지"
17,코로나,2020.05.22,헤럴드경제,코로나가 만든 낯선 풍경…커피도 꽂힌 ‘캠핑 마케팅’,"스타벅스 캠핑의자·백 프로모션 인기할리스 파라솔·의자 세트 모두 소진주류업계는 쿨러백 패키지 주력[헤럴드경제=이혜미 기자] 휴대용 의자부터 파라솔, 쿨러백까지… 식음료업계가 캠핑족을 겨냥한 여름시즌 마케팅에 공들이고 있다. 해외로 떠나던 여름휴가 인파가 신종 코로나바이러스 감염증(코로나19) 영향으로 캠핑 등 국내여행으로 몰릴 것이 예상되기 때문이다. 여기에 야외 대신 집 베란다나 옥상 등에서 홈캠핑을 즐기는 ‘집콕’족들이 많아진 것도 캠핑족 마케팅이 핫해진 이유 중 하나다.스타벅스는 21일부터 ‘서머 체어’ 또는 ‘서머 레디백’을 제공하는 여름 e-프리퀀시 이벤트를 시작했다. 이번 증정품은 야외에서 혹은 집에서 휴가 분위기를 낼 수 있는 아이템들이다. 서머 체어는 이동과 보관이 편리한 휴대용 의자로 각각 다른 디자인 3종으로 출시됐다. 레디백은 다용도 백으로 캐리어에 거치 가능한 밴드가 달려있다. 그린과 핑크 색상 2종이다.스타벅스의 '서머 레디백' 그린 상품 이미지 [제공=스타벅스커피코리아]행사 시작 첫날인 이날 오전부터 스타벅스에는 마니아들이 몰렸다. 이들은 에스프레소 14잔을 미리 준비해온 텀블러에 받아넣고, 프로모션 음료 3종까지 한꺼번에 구입했다. 프로모션 음료 3잔을 포함해 총 17잔의 음료를 구입해야 증정품을 받을 수 있기 때문이다. 특히 레디백 인기가 뜨거워 일부 매장에선 이날 준비된 물량이 오전에 모두 소진되기도 했다.스타벅스커피코리아 관계자는 “프리퀀시 이벤트 때마다 일찌감치 증정품을 받아서 인증하는 마니아 분들이 계신다”며 “특히 이번에 준비한 서머 체어와 레디백에 여느 때보다 관심이 높은 것 같다”고 했다.할리스커피는 지난 12일부터 여름 프로모션을 시작했다. 할리스에서 1만원 이상 구매시 캠핑에 유용한 굿즈 3종을 6900원~1만5900원의 가격에 제공한다. 아웃도어 브랜드 하이브로우와 협업한 ‘릴렉스체어&파라솔 세트’, ‘빅 쿨러백’, ‘멀티 폴딩카트’ 등이다.이들 굿즈 3종은 프로모션을 3차로 나눠 순차적으로 선보인다. 1차 프로모션 굿즈인 릴렉스체어&파라솔세트는 이미 모두 소진된 상태다. 빅 쿨러백을 선보이는 2차 프로모션은 오는 26일부터, 멀티 폴딩카트를 선보이는 3차 프로모션은 6월9일부터 진행된다. 할리스커피 관계자는 “이번 하이브로우 컬래버 여름 굿즈는 캠핑과 차박(차에서 잠자는 캠핑)을 즐기는 캠핑족 뿐 아니라 집에서 홈캠핑 감성을 즐기려는 소비자 트렌드를 반영해 기획했다”며 “특히 릴렉스체어&파라솔 세트는 뛰어난 품질과 가성비로 출시되자마자 많은 관심을 모으면서 완판을 이뤘다”고 설명했다.칭따오 쿨러백 패키지 활용 이미지 [제공=비어케이]주류업계는 여름시즌을 앞두고 쿨러백 패키지를 앞다퉈 선보여왔다. 올해는 늘어난 캠핑족과 홈술 트렌드 영향으로 이같은 쿨러백 패키지가 더욱 관심을 모을 것으로 업계는 기대하고 있다.칭따오는 휴대용 쿨러백(500㎖·8캔입)과 홀더형 쿨러백(330㎖·12캔입)을 올 여름 한정판으로 최근 선보였다. 휴대용 쿨러백은 집 안에서도 휴가지 분위기를 낼 수 있는 아이템으로 꼽힌다. 홀더형 쿨러백은 맥주를 마시다가 꽂아 놓을 수 있는 거치 기능으로 야외에서 실용성을 자랑한다. 캠핑이나 나들이를 가지 않더라도 차량에 상시 비치해 생수, 음료 등을 차갑게 보관하는 데 활용할 수도 있다.ham@heraldcorp.com▶[디;콘] 여론조사를 조사하다!▶우리동네 젠트리피케이션 위험도 ▶농수축산물 소비캠페인 - Copyrights ⓒ 헤럴드경제 & heraldbiz.com, 무단 전재 및 재배포 금지 -"
18,코로나,2020.05.22,한경닷컴,"한국남부발전, 코로나19 희망캠페인 동참","한국남부발전(사장 신정식·사진)은 코로나19 극복을 위해 헌신하는 의료진과 방역당국, 국민을 위한 응원메시지를 전했다.남부발전은 21일 ‘코로나19 극복 희망캠페인’의 일환으로 신정식 사장이 “힘내자! 대한민국!! 힘내자! 우리국민!!, 함께하면 극복할 수 있습니다” 메시지 보드를 통해 응원을 전했다. ‘코로나19 극복 희망캠페인’은 의료진, 방역당국 관계자, 어려움을 겪는 국민들에게 희망 메시지를 전하고자 시작된 SNS 릴레이 캠페인이다.이배수 한국전력기술 사장으로부터 소중한 기회를 얻어 캠페인에 참여한 신정식 사장은 “코로나19 극복을 위해 헌신하는 의료진과 방역당국, 우리 국민들의 동참과 노력 덕분에 코로나19를 가장 슬기롭게 이겨낸 국가로 기억될 것”이라며, “하루 빨리 코로나 사태가 종식돼 우리 모두의 얼굴에 희망의 웃음꽃이 피길 기원한다”고 말했다.남부발전은 최근 어려움을 겪는 화훼농가 지원과 부산지역 의료진 격려를 위해 사랑의 화분을 구매해 전달하기도 했다.부산=김태현 기자 hyun@hankyung.com▶ 네이버에서 한국경제 뉴스를 받아보세요▶ 한경닷컴 바로가기  ▶ 모바일한경 구독신청 ⓒ 한국경제 & hankyung.com, 무단전재 및 재배포 금지"
19,마스크,2020.05.22,서울경제,"""마스크 써야 식사할 수 있어요"" 요리사의 말에 그 남자는 방아쇠를 당겼다","/이미지투데이[서울경제] 신종 코로나바이러스 감염증(코로나19) 사태 속에 마스크를 쓰지 않았다는 이유로 식당 입장을 거부당한 한 20대 미국 남성이 이 식당 요리사에 총격을 가하는 사건일 벌어졌다. 이 남성은 살인미수 혐의로 경찰에 체포됐다.   20일(현지 시각) AP 통신 등 보도에 따르면 콜로라도주 덴버 오로라에 위치한 ‘와플 하우스’ 체인 매장에서 총격 사건이 일어났다. 현지 경찰은 용의자 켈빈 왓슨(27)을 1급 살인미수 혐의로 체포했다고 상황을 전했다.  경찰의 체포영장을 보면 왓슨은 지난 14일 마스크를 착용하지 않고 해당 식당을 찾았다. 이에 식당 직원들은 왓슨에게 코로나19 확산 방지를 위해 마스크를 착용해야 입장이 가능하다고 설명했다.이에 왓슨은 식당에서 나갔다가 마스크를 가지고 다시 돌아왔지만 착용은 거부한 것으로 알려졌다. 이에 종업원이 다시 그에게 마스크 착용을 하지 않으면 음식을 제공할 수 없다고 했다.사건을 목격한 이 식당의 종업원은 경찰 조사에서 “왓슨이 요리사를 향해 ‘당신의 머리를 날려버릴 수도 있다’라고 말하면서 카운터에 권총을 올렸다”고 진술했다. 이후 왓슨은 식당을 떠났지만 다음 날 늦은 밤 왓슨은 다시 이 가게를 찾았고 사건이 벌어졌다. 전날에 이어 요리사가 다시 음식 제공을 거부하자 왓슨은 그의 얼굴을 폭행했다. 그러자 요리사는 가게 뒷문을 통해 밖으로 달아났고, 왓슨은 그를 쫓아가 총격을 가했다.이 요리사는 가슴과 복부 주변에 총상을 입었고 병원으로 옮겨져 치료를 받았다. 다행히 생명에는 지장이 없는 상태로 전해졌다.  /김경훈기자 styxx@sedaily.com[서울경제 바로가기]▶ 네이버 채널에서 '서울경제' 구독해주세요!▶ 세상 모든 것에 대해 던지는 질문, 왜(WHY)?저작권자 ⓒ 서울경제, 무단 전재 및 재배포 금지"
20,마스크,2020.05.22,KBS,해외건설 현장 근로자 위해 마스크 16만 개 반출,"해외건설 현장에서 근무하고 있는 우리 근로자들의 안전을 위해 마스크 16만 개가 반출됩니다. 국토교통부는 해외 건설기업의 마스크 수요와 현황을 조사해 산업통상자원부와 식품의약품안전처 등 관계부처와 협의를 마친 뒤, 어제(21일) 마스크 15만 9천228개에 대한 최종 반출승인을 받았다고 오늘(22일) 밝혔습니다. 해당 마스크는 전 세계 63개국 398개 현장에 근무하고 있는 한국인 건설근로자 4천423명에게 전달됩니다. 1인당 36장씩 받을 수 있습니다. 마스크 구매와 국제배송은 각 기업에서 진행할 예정입니다.  국토교통부는 해외 진출 주요기업 및 관계부처와 코로나19 관련 비상연락망을 구축해 상시 대응체계를 운영하고 있다며, 앞으로도 해외 건설근로자들의 코로나19 예방을 위한 조치에 만전을 기하겠다고 밝혔습니다. 이지윤 기자 (easynews@kbs.co.kr)▶ ‘코로나19 팩트체크’ 제대로 알아야 이긴다▶ 우리 동네 무슨 일이? KBS지역뉴스▶ 더 빠르고 정확한 소식을 원하시면 KBS뉴스 구독!"
21,마스크,2020.05.22,매경닷컴,"정부, 해외건설 현장에 마스크 16만개 반출 허용…국내 근로자 코로나19 예방 차원","정부가 전세계적인 코로나19 감염병 확산에 따라, 우리 해외건설 현장의 방역관리 강화를 위한 마스크 15만9228개의 반출을 허용했다. 그 동안은 '마스크 및 손소독제 긴급수급조정조치'에 따라 마스크 반출은 원칙적으로 금지돼 해외 건설 근로자들은 국내 거주 가족이 보내주는 마스크를 사용해 왔다.국토교통부는 해외 건설기업의 마스크 수요와 현황을 조사하고, 산업통상자원부·식품의약품안전처 등 관계부처와의 긴밀한 협의를 통해 지난 21일 최종 반출승인을 받았다고 22일 밝혔다.번 반출허용으로 총 63개국, 398개 현장, 한국인 건설근로자 4423명에게 3개월 분량(36장/1인)의 마스크가 전달될 예정이며, 마스크 구매·확보 및 국제배송은 각 기업에서 진행한다.한편, 국토부는 지난 13일 코로나19 예방 및 확산방지를 위한 해외건설현장 대응 가이드라인을 배포해 우리 해외 건설현장 내 방역을 강화하도록 조치했으며, 해외 진출 주요기업 및 관계부처와 코로나 19 비상연락망을 구축해 상시 대응체계를 운영하고 있다. [디지털뉴스국 조성신 기자]▶네이버 메인에서 '매일경제'를 받아보세요▶매부리TV 구독하고 에어팟프로 득템!! ▶뉴스레터 '매콤달콤' 구독[ⓒ 매일경제 & mk.co.kr, 무단전재 및 재배포 금지]"
22,마스크,2020.05.22,아시아경제신문,해외건설 현장 근로자에게 마스크 16만개 반출 허용,"[아시아경제 유인호 기자]  정부가 전세계적인 신종 코로나바이러스감염증(코로나19) 확산에 따라 해외건설 현장의 방역관리 강화를 위해 마스크 15만9228개의 반출을 허용했다.국토교통부는 해외 건설기업의 마스크 수요와 현황을 조사하고, 산업통상자원부·식품의약품안전처 등 관계부처와 긴밀히 협의를 거쳐 21일 최종 반출승인을 받았다고 22일 밝혔다.지난 3월6일 ‘마스크 및 손소독제 긴급수급조정조치’에 따라 마스크 반출은 원칙적으로 금지돼왔다. 해외 건설 근로자의 경우에는 국내 거주 가족을 통한 반출로만 허용됐다.이번 반출허용으로 총 63개국, 398개 현장, 한국인 건설근로자 4423명에게 3개월 분량(1인당 36개)의 마스크가 전달될 예정다.유인호 기자 sinryu007@asiae.co.kr▶ 2020년 하반기, 재물운·연애운·건강운 체크!▶ 네이버에서 아시아경제 뉴스를 받아보세요 ▶ 놀 준비 되었다면 드루와!  드링킷!<ⓒ경제를 보는 눈, 세계를 보는 창 아시아경제 무단전재 배포금지>"
23,마스크,2020.05.22,JTBC,"'택배 기사 형제' 폭행한 입주민…""마스크 제대로 안 써서""","동영상 뉴스       [앵커]30대 아파트 입주민이 택배 노동자 형제를 때려서 갈비뼈에 금이가고, 코뼈가 부러졌습니다. 마스크를 제대로 쓰지 않았다는게 이유였습니다.김도훈 기자입니다.[기자]경기도 용인의 아파트 단지입니다.입주민 35살 A씨가 택배기사 B씨와 동생에게 주먹을 휘두른 건 지난 7일 오전입니다.마스크를 턱에 걸친 B씨에게 주민 A씨가 '마스크를 제대로 쓰라'고 말하면서 말다툼이 벌어졌습니다.가벼운 몸싸움이 벌어지다 A씨가 택배기사 B씨 형제에게 주먹을 휘둘렀습니다.B씨의 동생은 형을 돕기 위해 따라나선 길이었습니다.폭행이 일어난 아파트 단지입니다.입주민 A씨는 이곳에서 택배기사 형제를 5분 넘게 마구 때렸습니다.입주민 A씨는 아마추어 권투선수 출신으로 알려졌습니다.B씨는 갈비뼈에 금이 가고 눈을 크게 다쳐 전치 4주 진단을 받았습니다.동생은 코뼈가 부러져 전치 8주 진단을 받았습니다.하지만 몸에 붕대를 감고 열흘 만에 다시 일터로 나왔습니다.[B씨/택배기사 : 제가 마스크 안 썼다고 저를 집요하게 따라다녀서. '복싱 체육관 망해서 힘든데 너 잘 걸렸다' 이러면서 때리고…]경찰 조사에서 주민 A씨는 자신도 택배기사 B씨에게 맞았다고 말했습니다.[경기 용인서부경찰서 관계자 : 마스크 안 쓰고 왜 일하느냐. 전에도 이렇게 한 번 언쟁이 있었나 봐요.]A씨는 그저 감정 싸움으로 벌어진 일이라고 했습니다.[A씨/입주민 : 폭행한 것은 잘못하고 인정하지만 감정 때문에 일어난 일이지 입주민 갑질과는 전혀 무관한 사건입니다.]하지만 아파트 주민들이 나서 A씨 엄벌을 요구하는 탄원서를 모아 경찰에 냈습니다.경찰은 입주민 A씨와 택배기사 B씨를 각각 상해와 폭행혐의로 입건해 조사 중입니다.김도훈 기자 (kim.dohoon1@jtbc.co.kr) [영상취재: 유규열 / 영상편집: 홍여울]▶전두환 회고록 뒤집는 계엄군 대대장의 증언▶시청자와 함께! JTBC 뉴스 제보하기Copyright by JTBC(http://jtbc.joins.com) All Rights Reserved. 무단 전재 및 재배포 금지"
24,마스크,2020.05.22,MBC,마스크 안 쓰고 손님 명부 부실…유흥주점 단속 현장,"동영상 뉴스       	 	[930MBC뉴스]◀ 앵커 ▶최근 노래방과 주점에서 코로나19 집단 감염 사례가 잇따르고 있습니다.이 때문에 방역 수칙을 지켜가면서 영업하도록 되어 있는데, 어젯밤 서울시 단속 결과 이를 어기는 곳들이 있었습니다.이덕영 기자가 현장 다녀왔습니다.◀ 리포트 ▶서울 서초구의 한 단란주점.지하에 위치해 창문도 없는 밀폐된 공간이지만, 마스크를 쓰고 있는 사람이 없습니다.(근데 선생님이 마스크를 안 쓰고 있네요?)""써야 돼요? 이따 나가시면…""손님들의 이름과 연락처를 적어두는 출입 명부도 작성하지 않았습니다.[단란주점 주인A]""(방문자 명부) 쓸 거예요. 저 아는 분들이라서 가시고 나면…""주인은 내부 시설 소독과 환기는 수시로 하고 있다고 주장했지만, 이를 확인할 방법은 없었습니다.조치 내역을 기록해 관리 대장을 만들라는 방역수칙을 지키지 않았기 때문입니다.[단란주점 주인B]""기록부가 뭐가 필요가 있는데, 내가 다 알고 있는데. 장부에 다 적어놨는데. 역학조사 들어와. 그럼 내가 당장 다 일러줄게.""서울 강남구의 또다른 단란주점은 체온 측정기조차 갖고 있지 않았습니다.[단란주점 주인C]""온도기가 없어 가지고…""발열 여부도 확인하지 않고 손님을 입장시켜 영업하고 있던 겁니다.서울시와 경찰이 밤사이 서울 강남 일대 단란주점 19곳을 점검한 결과 2곳이 방역수칙 위반으로 집합금지명령을 받아, 당분간 영업을 하지 못하게 됐습니다.[이웅진/서울시 식품정책과 주무관]""단골 손님이라도 꼭 입장할 시에는 정확하게 핸드폰 번호 그다음에 신분증 확인을 통해서, 그리고 발열 확인을 통해서 확실하게 방역을…""서울시는 코로나 집단감염이 잇따르고 있는 노래방과 PC방, 유사 유흥업소 등에 대한 점검을 수시로 이어갈 계획이라고 밝혔습니다.MBC뉴스 이덕영입니다.이덕영 기자 (deok@mbc.co.kr)[저작권자(c) MBC (https://imnews.imbc.com) 무단복제-재배포 금지]▶ 네이버 홈에서 [MBC뉴스] 채널 구독하기▶ 새로움을 탐험하다. ""엠빅뉴스""▶ <5월 31일 개편> 뉴스데스크 보고 스트레이트 보고... 일요일 저녁이 더욱 풍성해집니다.Copyright(c) Since 1996, MBC&iMBC All rights reserved."
25,마스크,2020.05.22,서울신문,써달라 간곡한 요청에도...트럼프의 ‘마스크 어깃장’,"[서울신문]포드 공장 방문...주정부 등 “착용해달라” 했지만 ‘모르쇠’지도자 답지 못하다 인식...“언론 앞에서 안써” 으름장도포드 자동차 공장을 찾은 도널드 트럼프(가운데)-AP 연합뉴스도널드 트럼프 미 대통령이 또다시 외부 행사에서 마스크를 쓰지 않았다. 주 법무장관까지 나선 간곡한 마스크 착용 요청에도 그는 “언론 앞에서 마스크를 쓰지 않겠다”고 또다시 어깃장을 놨다.트럼프 대통령은 21일(현지시간) 미시간주 포드 자동차 공장을 방문해 관계자 면담 및, 시찰, 연설 등 일정을 소화했다. 일정 전부터 그가 마스크를 쓸지는 초미의 관심사였다. 연방정부가 공공장소에서 마스크를 착용하라는 권고를 내린 후였고, 무엇보다 공장 측이 코로나19 사태 이후 시설을 이제 막 재개한 상황에서 백악관에 마스크 착용을 요청했기 때문이다. 심지어 다나 네설 미시간주 법무장관이 트럼프 대통령에게 서한을 보내 “마스크 착용은 단지 포드의 정책이 아니라 주지사의 명령이다. 현재 이 주의 법”이라고까지 하기도 했다.하지만 이날 트럼프는 얼굴에 어떤 장비도 쓰지 않고 있었다. 그는 생산현장 시찰 때 마스크를 썼냐는 취재진의 질문에 “공장에서 선호하는 한 지점에서 썼다”며 “아주 좋았다. 매우 좋아보였다, 그들은 반드시 쓸 필요가 없다”고 말한 뒤 대통령 직인이 찍힌 마스크를 보여주기도 했다. 그는 발언 중에는 마스크를 손에 쥐고 있었다.트럼프가 마스크를 쓰지 않는 이유에 대해 ‘지도자 답지 못하다’고 생각하기 때문이라는 분석도 나온다. 워싱턴포스트는 큰 키와 힘찬 악수, 깊은 목소리 등 강한 지도자의 상징인 트럼프로서는 마스크 착용이 대통령답지 못하다고 여기는 것으로 보는 것 같다고 전했다.포드 자동차 공장을 찾은 도널드 트럼프-AP 연합뉴스 특히 코로나19 사태에서 언론과 날선 신경전을 벌인 트럼프로서는 마스크 착용을 언론에 굴복하는 것이란 인식도 갖고 있는 것으로 관측된다. 그는 이날 “나는 언론이 그것(마스크 착용 모습)을 보는 즐거움을 주고 싶지 않다”고 못박았다. 앞서 그는 지난 5일 애리조나 마스크 생산시설 방문과 15일 펜실베이니아주 의료장비 공급업체 방문 때 마스크를 쓰지 않아 논란을 일으킨 바 있다.한편 트럼프 대통령은 이날 포드 공장의 연설에서 미국이 소형 트럭 수입 때 매기는 관세인 ‘치킨세’ 철폐 시기를 뒤로 미뤘다며 한미 자유무역협정(FTA) 개정을 스스로 치켜세웠다. 그는 “한국과의 재앙적 합의를 재협상했다. 이것은 미국 자동차 산업에 큰 이익을 준다”고 말했다.안석 기자 sartori@seoul.co.kr▶ 네이버에서 서울신문 구독하기 클릭! ▶ 세상에 이런 일이 ▶ [연예계 뒷얘기] 클릭!ⓒ 서울신문(www.seoul.co.kr), 무단전재 및 재배포금지"
26,마스크,2020.05.22,국민일보,마스크 또 안 쓴 트럼프 “코로나 다시 와도 봉쇄 없다”,"AP연합도널드 트럼프 미국 대통령이 제2의 신종 코로나바이러스 감염증(코로나19) 사태가 오더라도 봉쇄 조치는 없다는 입장을 분명히했다.트럼프 대통령은 21일(현지시간) 미국 미시간주 포드 자동차 공장을 방문한 자리에서 “제2의 코로나19 사태가 올 경우 나라를 닫지 않을 것”이라며 “그것이 타다 남은 잔불이든 화염이든 우리는 그것을 끌 것”이라고 말했다.미국경제매체 CNBC에 따르면 트럼프 대통령은 이날 공장 시찰 동안에도 마스크를 착용하지 않았다. 연방정부 보건당국뿐 아니라 미시간주 정부와 포드는 공장 출입 시 마스크 착용을 의무화하고 있다. 특히 이 공장이 코로나19 사태 대응을 위한 산소호흡기를 생산하는 곳이여서 트럼프 대통령의 행동은 또 한번 논란을 불렀다.‘현장을 둘러보며 마스크를 썼느냐’는 취재진 질문에 그는 남색 마스크를 보여주며 “일부 지점에서 착용했다”고 말했다. 이어 “기자들에게 내가 마스크를 쓴 모습을 보는 즐거움을 주고 싶지 않았다”고 덧붙였다.문지연 기자 jymoon@kmib.co.kr▶ 네이버에서 국민일보를 구독하세요(클릭)▶ 국민일보 홈페이지 바로가기GoodNews paper ⓒ 국민일보(www.kmib.co.kr), 무단전재 및 재배포금지"
27,마스크,2020.05.22,KBS,마스크 쓴 채 수업…학생도 교사도 ‘헉헉’,"[KBS 대전][앵커]지난 20일 고3 학생부터 등교수업이 시작된 가운데 학교에서 온종일 마스크를 써야 하는 학생과 교사들이 호흡 곤란과 의사소통에 어려움을 호소하고 있습니다.다음 주부터는 각급 학교의 등교 수업도 본격화하는 가운데 수업 방식에 대한 의견 수렴절차도 진행되고 있습니다.조영호 기자의 보도입니다.[리포트]학생들이 마스크를 쓴 채 모의 평가 시험을 치릅니다.방역 수칙에 따라 교실에서는 마스크를 벗지 못해 답답하기만 합니다.특히, 계단을 오르거나 친구들과 얘기할 때 마스크는 여간 불편한 게 아닙니다.[진주희/대전 둔산여고 3학년 : ""계단 오르거나 이럴 때 숨이 차는데 마스크를 내릴 수 없어서 그게 답답한 이용 중에 하나고, 계속해서 마스크를 쓰면 머리가 아플 때가 있어서….""]실제로 지난 20일 오전 10시 30분쯤 천안 한 고교에서 미용 실습수업을 받던 여학생이 호흡곤란 증세로 쓰러진 뒤 병원에서 치료를 받고 퇴원했습니다.수업 내내 마스크를 쓰고 강의를 해야 하는 교사들은 더욱 힘듭니다.수업 내용의 전달도 어려울 뿐아니라 숨이 차올라 얘기를 오래 하기도 벅찹니다.[임창빈/대전 둔산여고 교사 : ""발음이 부정확하게 들리는 거 같고요. 그리고 제가 안경을 써서 그런지 자꾸 김이 서려서 시야도 잘 안 보이고 설명을 오랫동안 하다 보면 호흡도 좀 가빠지는 것 같습니다.""]이런 가운데 각급 학교에서는 등교수업을 앞두고 학생과 학부모를 대상으로 적합한 수업 방식을 묻는 의견 수렴 절차도 진행중입니다.격일제나 격주제, 오전·오후 교차등교, 전 학년 오전수업 등을 선택하는 방식입니다.한편 고 3에 이어 오는 27일부터는 고2와 중3, 초등 1, 2학년, 유치원이 다음 달 3일에는 고1과 중2, 초등 3, 4학년 다음 달 8일에는 중1과 초등 5, 6학년이 등교 개학에 들어갑니다.KBS 뉴스 조영호입니다.조영호 기자 (new3014@kbs.co.kr)▶ ‘코로나19 팩트체크’ 제대로 알아야 이긴다▶ 우리 동네 무슨 일이? KBS지역뉴스▶ 더 빠르고 정확한 소식을 원하시면 KBS뉴스 구독!"
28,마스크,2020.05.22,MBN,"트럼프의 고집…""마스크, 언론 앞에서 안써""","미국의 신종 코로나바이러스 감염증(코로나19) 대유행 와중에 도널드 트럼프 대통령이 현지시간으로 오늘(21일) 외부 공식 행사에서 마스크를 제대로 착용하지 않아 또다시 논란을 빚었습니다.연방정부가 공공장소에서 마스크를 착용하라는 권고까지 했지만 트럼프 대통령은 마스크를 아예 착용하지 않거나 언론 앞에서 마스크를 쓴 모습을 피해 눈총을 받고 있습니다.마스크 손에 쥐고 있는 트럼프 대통령 / 사진=로이터 이달 들어 세 번째 현장 방문인 이날 미시간주 포드 자동차 공장에서 트럼프 대통령이 마스크를 쓸지는 출발 전부터 큰 관심 대상이었습니다. 코로나19 여파로 생산을 재개한지 얼마되지 않은 포드사는 물론 미시간주 법무장관까지 나서서 마스크 착용을 요청했기 때문입니다.다나 네설 미시간주 법무장관은 트럼프 대통령에게 서한을 미리 보내 ""마스크 착용은 단지 포드의 정책이 아니라 주지사의 명령이다. 현재 이 주의 법""이라며 법적 의무일 뿐만 아니라 도덕적 책임이라고까지 호소했습니다.앞서 포드사 대변인도 모든 사람이 마스크를 착용할 필요가 있음을 백악관에 전달했다고 밝혔습니다. 다만 트럼프 대통령의 거부감을 의식한 듯 ""백악관은 자체 안전 및 검사 기준이 있고 스스로 결정할 것""이라며 최종 판단은 백악관에 맡겼습니다.CNN방송 등에 따르면 트럼프 대통령은 이날 흑인지도자와 면담, 포드 공장 연설 때 마스크를 착용하지 않았습니다.그는 생산현장을 시찰할 때 마스크를 썼냐는 언론 질문에 공장 측에서 선호하는 한 지점에서 썼다고 한 뒤 ""아주 좋았다. 매우 좋아 보였습니다. 그들은 반드시 쓸 필요는 없다고 말했다""고 대답하며 대통령 직인이 찍힌 남색 마스크를 보여주기도 했습니다.포드 시설 둘러보는 트럼프 대통령 / 사진=AP 잠시 썼을 뿐, 제대로 착용하진 않았다는 말입니다. 정치전문매체 더힐은 ""포드사 간부들이 마스크를 착용하고 있었음에도 불구하고 대통령은 마스크 없이 공장 바닥을 돌아다녔다""고 전했습니다.트럼프 대통령은 ""나는 언론이 그것(마스크 착용 모습)을 보는 즐거움을 주고 싶지 않다""라고도 말했습니다. 언론 카메라 앞에서는 마스크를 쓰지 않겠다는 것입니다.빌 포드 포드사 회장은 언론 질문에 ""이는 그에게 달린 문제""라고 넘어갔습니다.트럼프 대통령은 백악관을 출발하면서 착용 의향에 대해 ""모르겠다. 한 번 보려고 한다""고 구체적으로 답변하지 않았습니다.트럼프 대통령은 앞선 두 차례 현장 방문 때도 마스크를 착용하지 않아 뒷말을 낳았습니다.그는 38일 만의 첫 외부일정이던 지난 5일 애리조나 마스크 생산시설 방문 때 마스크가 아닌 고글을 썼다가 눈총을 받자 무대 위에서 일정 기간 마스크를 착용했다고 해명했습니다.또 지난 15일 펜실베이니아주 의료장비 공급업체 방문 때 다른 일행과 달리 트럼프 대통령과 마크 메도스 백악관 비서실장만 마스크를 쓰지 않았다는 보도가 나왔습니다.이날 방문은 전날 트럼프 대통령이 미시간주의 11월 대선 때 우편투표 확대 추진을 문제 삼아 자금 지원을 보류하겠다고 엄포를 놓는 등 마찰을 빚은 다음 날 이뤄졌습니다.또 폭우로 미시간주 디트로이트 북쪽의 이든빌 댐과 샌퍼드 댐이 범람해 주민들이 고통을 겪는 와중에 방문한 것이기도 합니다. 다만 트럼프 대통령은 이날 댐 범람 현장은 방문하지 않고 일정 도중 간단한 성명을 발표했습니다.마스크 보여주는 트럼프 대통령 / 사진=AFP 트럼프 대통령은 코로나19 대응 과정에서 민주당 소속인 주지사와 여러 차례 충돌했지만, 이곳은 대선 승부처로 통하는 '경합주' 중 한 곳이어서 선거운동을 염두에 둔 일정이라는 해석도 낳았습니다. 미시간 주지사는 이날 동행하지 않았습니다.트럼프 대통령은 교회를 시작으로 사회적 거리두기 완화를 위한 더 많은 조치가 필요하다며 경제 정상화 필요성을 강조했습니다. 코로나19 재확산 가능성이 있다면서도 ""우리는 그 불을 끌 것""이라고 답했습니다.그는 민주당이 경제를 계속 닫아놓는 바람에 주를 해치고 있어 대선 때 민주당을 벌줘야 한다고 주장했습니다. 또 민주당이 추가 경기부양책을 요구하는 것과 관련해 ""나이스 샷(nice shot)을 한 번 더 할지도 모른다""고 말했습니다.[MBN 온라인뉴스팀]▶ 네이버 메인에서 MBN뉴스를 만나보세요!▶ MBN 무료 고화질 온에어 서비스 GO!▶ 김주하의 '이 한 장의 사진'< Copyright ⓒ MBN(www.mbn.co.kr) 무단전재 및 재배포 금지 >"
29,마스크,2020.05.22,뉴시스,마스크 벗는 박능후 장관,"[세종=뉴시스]강종민 기자 = 박능후 중앙재난안전대책본부 1차장(보건복지부 장관)이 22일 오전 정부세종청사에서 열린 신종 코로나바이러스 감염증(코로나19) 대응 중대본 회의에 참석, 마스크를 벗고 있다. 2020.05.22. ppkjm@newsis.com[사진 영상 제보받습니다] 공감언론 뉴시스가 독자 여러분의 소중한 제보를 기다립니다. 뉴스 가치나 화제성이 있다고 판단되는 사진 또는 영상을 뉴시스 사진영상부(n-photo@newsis.com, 02-721-7470)로 보내주시면 적극 반영하겠습니다.<ⓒ 공감언론 뉴시스통신사. 무단전재-재배포 금지>"
30,마스크,2020.05.22,뉴시스,마스크 벗는 박능후 장관,"[세종=뉴시스]강종민 기자 = 박능후 중앙재난안전대책본부 1차장(보건복지부 장관)이 22일 오전 정부세종청사에서 열린 신종 코로나바이러스 감염증(코로나19) 대응 중대본 회의에 참석, 마스크를 벗고 있다. 2020.05.22. ppkjm@newsis.com[사진 영상 제보받습니다] 공감언론 뉴시스가 독자 여러분의 소중한 제보를 기다립니다. 뉴스 가치나 화제성이 있다고 판단되는 사진 또는 영상을 뉴시스 사진영상부(n-photo@newsis.com, 02-721-7470)로 보내주시면 적극 반영하겠습니다.<ⓒ 공감언론 뉴시스통신사. 무단전재-재배포 금지>"
31,마스크,2020.05.22,뉴스1,'트럼프 거짓말에 사람들 죽는다' 글귀 새겨진 마스크 등장,"한 여성이 20일(현지시간) 백악관에서 열린 집회에서 '트럼프가 거짓말해 사람들이 죽는다'는 글귀가 새겨진 마스크를 쓰고 있다. © 로이터=뉴스1 © News1 박형기 기자(서울=뉴스1) 권영미 기자 = 도널드 트럼프 미국 대통령의 코로나19 대응을 비판하는 시민들이 20일(현지시간) '트럼프가 거짓말해 사람들이 죽는다'는 글귀가 새겨진 마스크를 쓰고 시위를 벌였다. 뉴스위크 등 미 언론에 따르면 시위대는 이날을 '전국 애도의 날'로 정하고 침통한 얼굴로 모의 장례식을 치르며 코로나19로 숨진 희생자들을 추모했다. 시위대는 워싱턴DC 백악관 인근에 차량 수십 대를 줄 지어 세워 놓고 경적을 울렸다. 시위대 일부는 마스크와 똑같은 글귀를 넣은 손팻말도 들었다. 미국은 현재 160만명이 넘는 확진자와 9만6000명 이상의 사망자를 기록중이다. 세계 확진자와 사망자 수의 3분의1이 나왔을 정도로 미국은 코로나19로 인한 희생이 컸다. 한 남성이 20일(현지시간) 백악관 앞에서 열린 집회에서 ""트럼프가 거짓말 해 사람이 죽는다＂는 마스크를 쓰고 시위를 벌이고 있다. © 로이터=뉴스1 © News1 박형기 기자한 여성이 20일(현지시간) 백악관 앞에서 벌어진 시위에서 ""트럼프가 거짓말 하는 바람에 사람들이 죽는다＂는 글귀가 새겨진 마스크를 착용하고 있다. © 로이터=뉴스1 © News1 박형기 기자미국민들은 트럼프 대통령이 코로나19에 더 빨리 대응했다면 많은 희생자를 줄일 수 있었다고 본다. 사태의 심각성을 알리는 전문가들 의견을 무시하고 건강관련 가짜 정보를 퍼뜨리는데만 몰두했다는 비판이다. 제프리 샤먼 미국 컬럼비아대학 수석 연구원은 최근 역학 모델을 이용한 연구에서 미국 전체에서 봉쇄정책을 2주 일찍 시작했더라면 사망자 수는 84%, 확진자 수는 82% 가량 줄어들었을 것이라고 주장했다.ungaungae@news1.kr▶ 네이버 메인에서 [뉴스1] 구독하기!▶  뉴스1 바로가기 ▶  코로나19 뉴스 © 뉴스1코리아(news1.kr), 무단 전재 및 재배포 금지"
32,마스크,2020.05.22,뉴스1,마스크 벗는 박능후 중대본 1차장,"(세종=뉴스1) 장수영 기자 = 박능후 중앙재난안전대책본부 1차장(보건복지부 장관)이 22일 정부세종청사 보건복지부에서 열린 코로나19 중대본 회의에서 마스크를 벗고 있다. 2020.5.22/뉴스1presy@news1.kr▶ 네이버 메인에서 [뉴스1] 구독하기!▶  뉴스1 바로가기 ▶  코로나19 뉴스 © 뉴스1코리아(news1.kr), 무단 전재 및 재배포 금지"
33,마스크,2020.05.22,MoneyToday,"""선생님도 마스크 벗고 수업""…입시를 위한 위험한 등교?","[머니투데이 이동우 기자]  SNS 트위터에 올라온 고등학교 3학년 '등교 후기' / 사진=SNS 캡처코로나19(COVID-19) 여파로 약 3개월 만의 개학이 이뤄졌지만 현장의 혼란이 계속되고 있다. 지난 20일 첫 등교를 한 고등학교 3학년 사이에서는 SNS(소셜네트워크서비스)를 통해 '등교 후기'를 공유하는 일이 유행처럼 번지고 있다. 지난 20일 트위터에 올라온 '등교 후기, 방금 막 집에 들어온 고3입니다. 오늘 하루를 정리하자면'이라는 트윗은 총 8700회 리트윗(공유)됐고, 3200회의 공감을 받았다. 자신을 고3이라고 밝힌 작성자에 따르면 코로나19 상황이지만 한 교실 안에 30명 이상 수업을 들었고, 이동수업 중에도 '학생들 사이 빈틈이 10㎝도 없었음'이라고 설명할 정도로 거리 유지가 되지 않았다. 이어 급식실에 있는 거리 유지 라인을 학생들 아무도 지키지 않았고, 선생님들도 지적을 하지 않았다고 적었다. 선생님 중 한 명이 마스크를 내리고 수업을 하고, 학생들이 마스크를 벗어도 강력한 제지는 이뤄지지 않았다고 설명했다. 작성자는 이 외에도 몇 가지 학교 내에서 거리 두기가 이뤄지지 않는 현실을 지적했다. 마지막으로는 ""생각나는 건 일단 이 정도""라며 ""내일 모의고사라는데 모의고사고 뭐고, 당장 등교 멈춰주세요""라고 혼란스러운 학교의 상황을 알렸다. 이 외에도 트위터에는 1만건이 넘는 등교 후기가 올라온 상태다. 서울 지역 한 고3 학생은 ""다른 반에는 출입하지 말라고 했는데도 쉬는 시간만 되면 규칙을 어기고 옆반에서 떠들고 논다""고 지적했다. 지난 20일에 이어 21일에도 '등교 후기(2일 차)'라는 제목의 글을 올린 한 고3 학생은 ""6시까지 마스크를 계속 끼고 있었더니 머리가 깨질 것 같았다""며 ""점심시간에 대한 통제는 어제보다 느슨했고 쉬는 시간의 분위기는 음악만 나오지 않는 클럽 같았다""고 전했다. 혼란스러운 상황에도 학교 측과 교사의 노고를 칭찬하는 후기도 올라왔다. 한 고3 학생은 ""정문부터 교실까지 바닥에 청테이프로 표시돼 있어 안전거리를 유지할 수 있었다""며 ""선생님들이 불가능에 도전해 보자면서 한 번도 마스크를 벗지 않으셨고 아이들도 물 마실 때를 제외하면 이를 지켰다""고 말했다. 한편 교육부는 다음 주로 예정된 초·중·고등학교 등교도 계획대로 추진한다는 입장이다. 교육부에 따르면 지난 20일 오후 4시 기준 전국 2363개 중 2277교에서 등교가 이뤄졌고, 고3 학생 출석률은 95.2%를 기록했다. 이동우 기자 canelo@mt.co.kr▶줄리아 투자노트▶조 변호사의 가정상담소 ▶머니투데이 구독하기 <저작권자 ⓒ '돈이 보이는 리얼타임 뉴스' 머니투데이, 무단전재 및 재배포 금지>"
34,마스크,2020.05.22,조선일보,"윤상현 ""北에 식량·마스크 대대적 지원해야""","입장문에서 ""北 국경 폐쇄로 곡물수입 어려워""""취약 계층에 전달되는지 모니터링 해야""윤상현 국회 외교통일위원장 /연합뉴스				윤상현 국회 외교통일위원장은 22일 우리 정부가 북한에 대대적인 식량 지원을 해야 한다고 주장했다. 윤 위원장은 이날 입장문을 내고 “코로나19 사태로 북한 국경이 폐쇄돼 곡물 수입마저 어려운 상황이다. 식량 위기는 피하기 어려울 것”이라며 이같이 밝혔다.앞서 유엔 식량농업기구(FAO)는 지난 18일 코로나 사태로 인해 북한이 식량 부족을 겪을 수 있다고 했다. 통일부는 올해 북한의 식량 부족량이 약 86만t에 이를 것으로 추정했다.윤 위원장은 “인도적 위기에는 인도적 지원을 해야 한다”며 “식량 위기는 북한 내 영·유아, 아동 등 취약계층에게 먼저 닥친다. 지원되는 식량이 이들 취약계층에게 정확히 지급되고 사용되는지를 확인해야 한다”고 했다. 이어 “현재 평양에는 유엔 세계식량계획(WFP)이 상주 사무소를 두고 있는 만큼, 이를 통해 식량 분배과정을 모니터링하고 검증할 수 있다”고 했다.우리 정부는 지난해 6월 쌀 5만t을 WFP를 통해 북한에 지원하기로 했지만, 북한은 거부하고 있다. 윤 위원장은 “이 답보 상태를 풀어서 다시 진행하면 된다”고 했다.윤 위원장은 “북한의 취약한 보건의료체계를 고려해 코로나19 방역을 위한 마스크 등 의료 물자 제공과 의료진 파견을 함께 추진할 것을 (정부에) 요청한다”며 “이를 통해 코로나19 관련 남북 방역 협력체계 구축도 조속히 진행해야 할 것”이라고 했다.이어 “이 과정을 진행하려면 남북 당국자 회담이 빨리 열려야 한다”며 “청와대와 통일부가 북한의 식량, 보건 위기 상황에 대해 빠르게 대응하고 세심히 관리하길 바란다”고 했다.[주희연 기자 joo@chosun.com] 		▶ 바뀐 우리집 공시가 확인하기 		▶ 네이버에서 조선일보 받아보기		▶ 조선일보 구독 신청하기 	- Copyrights ⓒ 조선일보 & chosun.com, 무단 전재 및 재배포 금지 -"
35,마스크,2020.05.22,KBS,이번엔 택배기사 폭행…이유는 “마스크 안 썼다”,"[앵커] 아파트 입주민 때문에 극단적인 선택을 한 고 최희석 경비원에 대해 많은 분들이 가슴 아파했죠. 그런데 이번엔 경기도 용인의 한 아파트에서 택배 기사가 입주민에게 폭행을 당했습니다. 박민경 기자의 보도입니다. [리포트] 지난 7일 아침 택배기사 A 씨의 모습입니다. 얼굴이 벌겋게 부어올랐고 곳곳에 핏자국이 보입니다. 평소 배송을 다니던 경기도 용인의 한 아파트에서  주민에게 폭행을 당했기 때문입니다. A 씨는 이 주민이 왜 마스크를 쓰지 않느냐고 말한 뒤 폭행을 시작했다고 말합니다. [택배 기사 A 씨/음성변조 : ""계속 시비를 걸더라고요. (일하게) 나와 달라고 하니까 바로 구타가 시작됐어요. 이마가 멍이 들었는데, 간호사분께서 이마를 보시더니 이거 신발 자국인데...""]  아파트 입구에서 시작된 폭행은  경찰이 도착해 주민을 제지할 때까지  5분 넘도록 계속됐습니다. 병원 진단 결과, 갈비뼈와 코뼈에 금이 가 전치 4주 판정을 받았습니다. 생계를 위해 1주일 정도 쉬고 다시 일하고 있지만 눈이 심하게 다쳐 앞이 잘 보이지 않습니다. 일을 도와주러 나온 남동생도 같이 폭행을 당했는데 코뼈가 부러져 5시간 넘게 수술을 받았습니다. [택배 기사 A 씨/음성변조 : ""동생 앞에서 맞을 수밖에 없는 제 모습이랑 동생이 맞는데도 많은 대처를 할 수 없는 제 마음이 제일 속상한 거 같아요.""] 놀란 아파트 주민들은 진상 규명을 위한 탄원서를 모으고 택배기사를 응원하는 메시지를 보내고 있습니다. [동네 주민/음성변조 : ""샌드백 치듯이 두 명을 질질 끌고 가면서, 때리지 말라고 소리를 쳐도 계속 때리고... 너무 끔찍해요.""] 하지만 해당 주민은 택배기사 A 씨가 먼저 시비를 걸었고 일방적인 폭행은 아니었다고 주장합니다. [택배 기사 폭행 주민/음성변조 : ""(택배 기사 형제가) 너 한 주먹도 안 된다고 저보고 그러는 거예요. 쫄았네, 쫄았네, 이러면서. 제 명치를 세게 밀치더라고요. 한 번 밀고 두 번 밀고...""] 경찰은 CCTV 등을 토대로 택배기사 A 씨와 동생, 그리고 해당 주민을 모두 조사 중입니다. KBS 뉴스 박민경입니다.박민경 기자 (pmg@kbs.co.kr)▶ ‘코로나19 팩트체크’ 제대로 알아야 이긴다▶ 우리 동네 무슨 일이? KBS지역뉴스▶ 더 빠르고 정확한 소식을 원하시면 KBS뉴스 구독!"
36,마스크,2020.05.22,스포츠서울,"일본 명예시민 주낙영 경주시장의 日에 마스크 지원에 네티즌 ""일본인이 일본했네!""","제공 | 경주시[스포츠서울 이상훈 기자] 지난달 일본에 마스크를 지원할 것이란 얘기가 나돌자 정부는 “마스크 문제는 중대본 차원에서 논의된 바가 없다”고 발표했다. 하지만 이런 정부의 발표와 달리 경북 경주시는 지난 17일 자매결연 도시인 일본 나라시와 교류도시인 교토시에 각각 비축 방호복 1200세트와 방호용 안경 1000개씩 항공편으로 전달했다. 경주시는 또 달 말까지 자매결연도시인 오바마시, 우호도시인 우사시와 닛코시 등 3개 도시에 방호복 각 500세트와 방호용 안경 각 500개를 지원할 예정이다. 아직 한일 외교갈등이 해소되지 않았고, 지난해 일본의 일방적인 경제제재로 국내 기업들이 타격을 입었다. 불과 3일 전에도 일본 외무성은 한 해 동안의 외교활동을 기록한 ‘외교청서’를 발간하며 “강제징용 문제는 한국이 국제법 위반 상황을 시정하지 않고 있다”고, 위안부 문제는 “2015년 합의로 완전히 해결됐는데, 한국 측이 이를 어겼다”고 적었다. 또 “한국이 후쿠시마 원전 처리수에 대해 건설적이지 않은 문제 제기를 하고 있다”고 주장했으며 독도에 대해서는 “한국이 불법적으로 점거하고 있다”고 주장했다. 일본은 우리나라에 대해 이 같은 태도를 취하고 있는데도 경주시가 단독으로 일본에 마스크와 방역물품을 지원한 것이다. 이에 대해 주 시장은 “어려울 때 돕는 것이 진정한 친구이자 이웃”이라며 “누가 먼저 손을 내미는 것은 중요하지 않다. 지금은 한일 양국이 코로나 대응을 위해 협력해야 한다”고 말했다.한편 이 같은 소식이 전해지자 주 시장에 대한 비난 여론이 거세지고 있다. 특히 일부 네티즌들은 주낙영 경주시장이 2년 전 일본 나라 시장으로부터 특별명예 시민이 된 것을 두고 “일본인이 일본을 도왔다”고 지적했다. party@sportsseoul.com[기사제보 news@sportsseoul.com]  Copyright ⓒ 스포츠서울&sportsseoul.com"
37,마스크,2020.05.22,MBC,"[세계는 그리고 우리는] 마스크보다 손 위생 더 중요, 학생 1인 1 소독제 필요","- ""분명히 환자는 늘어날 것"", 교육부와 방역당국의 기준 마련 필요해- 등교는 최소화시켜야 한다.. 등교수업은 온라인 수업의 보완재로- 환기가 충분히 유지되는 선에서 에어컨 트는 게 중요- 마스크보다 손 위생이 더 중요해, 충분하게 손 위생제 공급 필요하다- 삼성서울병원, 수술방에서 발생한 게 그나마 덜 위험.. 아주 많은 환자 발생하지 않을 듯- 미국 백신 헛된 희망 아니야, 인내심 가지고 기다리는 게 필요 ■ 프로그램 : 이승원의 세계는 그리고 우리는 (MBC 라디오 표준FM 95.9Mhz / 평일저녁 6시5분)■ 출연자 : 한림대 강남성심병원 이재갑 교수☏ 진행자 > 등교 첫날이었던 어제 인천에서 고3학생 두 명이 코로나19 확진판정을 받아서 등교가 중단됐었죠. 이어서 오늘은 대구에서도 고3학생 한 명이 확진 판정을 받았습니다. 그런가 하면 이태원 클럽에서 시작된 집단감염이 술집과 노래방을 통해서 전국 곳곳으로 확산하고 있고 또 서울삼성병원에서 확진판정을 받은 간호사들의 감염원은 여전히 파악이 안 되고 있습니다. 여러 가지 내용들 한림대 강남성심병원 이재갑 교수와 함께 짚어보도록 하겠습니다. 교수님 나와 계시죠!☏ 이재갑 > 안녕하세요?☏ 진행자 > 안녕하세요? 등교개학 얘기를 먼저 여쭤봐야 될 것 같은데요. 교수님과 지난주에 인터뷰를 했었잖아요. 지금 학교가 문을 여는 건 무리다 말씀하셨는데 이런 상황에 대해서 염려하셨던 거죠?☏ 이재갑 > 그렇죠. 사실 인천부터 시작해서 벌써 한 5개 구에서 학교가 문을 못 열었잖아요. 어제 오늘이요. 대구에서도 확진자가 나와서 사실 개학하게 되면 이런 상황들이 어차피 발생할 거고요. 다만 이 부분들을 어차피 열었으니까 이 부분들을 어떻게 감당할 건가 앞으로 고민을 해야 될 것 같고요. 그리고 발생하더라도 사후조치들을 잘 취해서 휴업하는 지역이라든지 학교가 발생했을 때 주변에 있는 학교들이 같이 포함돼서 휴업하지 않도록 여러 가지 방법들을 마련해야지 등교수업을 유지할 수 있을 거거든요 그에 대한 대안이나 대책을 잘 마련해서 가야 될 것 같습니다.☏ 진행자 > 인천 같은 경우는 이태원 발이다 라는 게 확인됐기 때문에 그나마 비교적 나은 상황인데 대구도 그렇고 곳곳에서 감염을 모르는 확진자가 나올 수도 있잖아요. 그런 상황이 가장 우려스러운데 어떻게 보십니까?☏ 이재갑 > 그렇죠. 대구상황도 그렇고요. 여러 학교에서 분명히 환자는 늘어날 겁니다. 왜냐하면 학생들이 집에서만 있었기 때문에 감염이 안 됐거나 감염됐어도 다른 사람 전파를 안 하고 있었던 거잖아요. 그런데 학교를 열고 집단생활이 시작되면 어차피 환자들이 나올 수밖에 없는 상황이 되거든요. 게다가 다음 주에 만약에 다른 학년들 개학까지 겹치게 되면 학교 안에서 활동하던 사람들 숫자가 늘어나다 보니까 확진 환자가 늘 수밖에 없어서, 여러 가지 일단 학교에서 발생했을 때도 해야 되는 것도 중요하지만 만약에 집단발병 사례라든지 환자수가 만약에 많이 급증하는 상황이 됐을 때 언제 다시 휴업할 건지 이런 기준들도 사실 교육부나 방역당국이 준비하고 있어야 되거든요. 그러니까 사실 여는 것도 중요하지만 어느 순간 어느 정도 기준을 넘어서게 되면 다시 닫아야 되는 부분들을 고민하는 부분도 고민하고 기준들을 마련해야 돼서요. 그런 준비도 철저히 하고 있어야 될 걸로 생각됩니다.☏ 진행자 > 플랜A, 플랜B, 이렇게 시나리오 별로 준비해야 된다 이렇게 말씀해주신 거고요. 그런데 지금 이틀 만에 인천에서도 그렇고 대구에서도 그렇고 학생들이 확진을 받기 때문에 다음 주부터는 고2부터 시작해서 쭉 시기별로 학생들이 개학을 하지 않겠습니까? 등교를. 예정대로 등교를 해도 될까요. 어떻게 보세요?☏ 이재갑 > 저는 글쎄 여러 교육청별로 시도별로 지금 다른 방법의 개학을 선택하고 있잖아요. 그런데 일단 등교는 최소화 시켜야 될 것 같다는 생각을 하고 있고요. 온라인수업이 메인으로 가고 등교수업은 온라인수업의 보완재 형식으로 가야 될 것 같고요. 그렇게 유지해야 아마 고3들의 등교수업을 그래도 꽤 길게 아니면 어떻든 간에 수능 볼 때까지 갈 수 있지 않을까 그렇게 예상하고 있거든요. 그래서 다른 학년들이 조금 희생되는 부분들이 있더라도 고3이 입시 문제 때문에 만약에 입시 문제가 흐트러지기 시작하면 정말 방법이 없어지기 때문에 강제적으로 9월 학기에 시작될 수도 있는 상황이 발생할 수도 있거든요. 그래서 그런 부분을 고려할 때 다른 학년들이 조금 조심해야지 그래도 등교수업이 유지될 수 있어서 그런 부분까지 고려해서 교육청별로 학교별로 그런 대안들을 만들어야 될 것 같습니다.☏ 진행자 > 온라인으로 기본적으로 하되 보충적으로 직접 등교하는 방안이 그나마 최선이다 일단 그렇게 보시는 거고요. 처음에 에어컨을 틀 것인가 말 것인가 이런 문제도 있었잖아요. 예전에 질문 한번 드렸던 것 같은데☏ 이재갑 > 있었습니다.☏ 진행자 > 교육부 같은 경우는 교실 창문을 1/3이상 여는 조건으로 에어컨 사용을 허용하기로 일단 가이드라인을 발표했는데요. 방역당국에서는 환기가 낫다, 이런 입장인 것 같아요. 어떤 게 현명합니까?☏ 이재갑 > 일단 지금 상황으로서는 생활방역위원회 때도 전문가 분들이 오셔서 논의를 했었는데요. 일단 제일 중요한 건 환기가 잘 되는 구조를 만드는 게 제일 중요하다. 그리고 불가피하게 너무 덥다면 에어컨을 트는데 환기가 충분히 유지되는 선에서 틀어야 한다, 이게 원칙 정도로 제시가 됐어요. 그래서 일단 1/3 열고 에어컨을 틀든지 아니면 구조적으로 안 되는 데는 에어컨을 틀 때 1, 2시간 틀면 15분 이상 환기를 시킨다든지 이런 식의 여러 가지 방법들을 동원해서 위험성을 최소화해야 될 것 같고요. 사실 에어컨 자체가 문제라기보다는 에어컨이 있을 때 확진자들한테 만약에 바이러스가 날리게 되면 에어컨 때문에 분산이 되면서 광범위하게 환경오염을 시키는 문제들이 생길 수 있거든요. 그 부분을 해소하려면 아이들이 손을 잘 씻게 하고 정기적으로 자기 주변 있는 데를 잘 환경소독이나 이런 것들 잘 하게끔 할 수밖에 없어서 그런 부분을 보완해서 더울 때 에어컨을 트는 방법을 고민해야 될 것 같습니다.☏ 진행자 > 아마 교수님도 보도를 보셨겠지만 학생들이 학교 들어갈 때 일정한 간격을 유지하고 발열체크하고 손 소독도 하고 또 어떤 학교는 책상마다 가림막 같은 걸 설치를 했더라고요. 지금 하고 있는 그 정도, 일단 만족하십니까? 만족이란 표현은 좀 그렇고 그 이상.☏ 이재갑 > 일단 밀집도를 줄이는 부분은 계속 강조가 돼야 되고요. 아이들이 제일 조심해야 되는 게 마스크보다 손 위생이 더 중요하거든요. 정말 수시로 손을 잘 닦을 수 있도록 손 위생 할 수 있는 알코올성 손위생제라든지 이런 것들이 이제 반에 충분히 있으면 좋겠고 제일 좋기는 한 명이 하나씩 조그마한 거 들고 다니면서 손 위생을 중간중간 해주는 게 제일 안전하거든요. 일단 손 위생에 관한 부분을 계속 강조해주셔야 혹시라도 확진자가 있더라도 대부분 밀집돼 있는 공간에서는 비말로도 전파가 되지만 대부분 주변이 오염된 부분을 통해서 전파되는 경우가 훨씬 많거든요. 그러면 마스크 써도 옮길 수 있기 때문에 그래서 손 위생을 강조할 수 있도록 그런 부분들을 충분하게 손 위생제를 공급해줘야 될 것 같고요. 눈에 보이는 데 수시로 손 위생을 할 수 있도록 해주는 게 상당히 중요합니다.☏ 진행자 > 그리고 일부 보도에서 본 것 같은데 학생들이 식사하고 양치질하잖아요. 그럴 때 조심해야 된다, 이런 얘기도 있던데 어떤가요?☏ 이재갑 > 사실 양치질 하게 되면 마스크 벗어야 되는 상황이고 어차피 애들이 밥 먹고 나서 시간이 뻔하잖아요. 너무 많은 애들이 몰릴 수밖에 없으니까 그래서 일부 학교는 양치질을 학교에서 못하게도 했는데 그렇게도 한 방법이지만 시간을 나눠서라도 아이들 원한다 하면 해줄 수밖에 없을 것 같아서 그것들은 학교에서 재량껏 시간을 조정해주셔야 되지 않을까 생각이 듭니다.☏ 진행자 > 그렇군요. 그 모든 게 지금 다 걱정거리들이 돼 버렸습니다. 알겠습니다. 그리고 삼성서울병원 같은 경우 간호사들이 어떤 경로를 통해서 감염됐는지 아직 확인이 안 되고 있죠?☏ 이재갑 > 아마도 오후에 얘기나온 건 간호사들 중에 외부에서 활동을 했었거나 노래방이나 간 분 통해서 감염돼서 안으로 들어와서 다른 간호사에게 전파되지 않았나, 이 정도만 추정되고 있는 것 같아요. 일단 삼성의료원 환자 발생도 그렇고 이태원 발생도 그렇고 대구 상황이나 이런 걸 보게 되면 어디서 전파됐는지 모르는 상황에서 계속 전파가 일어나고 있잖아요. 아주 광범위하지 않지만 지역 사회 내에서 눈에 안 보이게 전파되고 있는 상황들이 지속되고 있는 상황이라 지금 갈수록 학교도 개학했고 그 다음에 유흥시설도 일부는 못 열게 하고 있지만 열어져 있고 노래방 PC방도 계속 열려져 있는 상황이기 때문에 일단 다중이용시설 이용에 대해서 국민들이 예전 우리 사회적 거리두기 할 때처럼 잘 지켜주셔야 되지 않을까 생각이 듭니다.☏ 진행자 > 삼성서울병원 같은 경우 물론 감염 경로가 확인은 아직 안 됐지만 병원 내에서 감염됐다고 보긴 조금 어려운 상황 같으신가요. 추정하기에.☏ 이재갑 > 일단 주변에 관련 있을 만한 분들 1000여명 이상 검사해서 아직 양성 안 나오는 걸 봐서 다행으로 내부가 아니어야 될 상황이긴 한데 그러지 않을까 생각이 들고요. 병원에서 이런 일이 벌어질 때 말씀하신 대로 병원 안에 환자가 들어와서 의료진을 감염시키거나 의료진이 밖에서 걸려와서 감염되거나 둘 중에 하나거든요. 어쨌든 간에 의료진이 두 가지다 문제가 되긴 하는데 환자가 들어왔을 때는 환자가 초기에 진단이 안 된 상태로 여러 병동을 옮기거나 수술방 가거나 검사를 다니게 되면 분당재생이나 의정부성모처럼 여기 저기 많이 확산될 수 있는 문제들이 있을 수 있어서 오히려 지금 이번에 발생이 수술방에서 발생한 게 그나마 덜 위험한 걸로 생각되는 상황이거든요. 수술방 안에서는 병동에서 광범위하게 움직이지 않기 때문에 그래서 일단 추이는 봐야 되긴 하겠지만 저희 예상은 아주 많은 환자가 발생하지 않을 것 같다고 예상하고 있습니다.☏ 진행자 > 인천 102번 환자 통해서 직접적으로 접촉한 것은 아니지만 3차, 4차, N차 감염까지 30명을 넘었다고 합니다. 그런데 코인노래방 같은 경우 102번 환자와 직접적 관련이 없다고 할 수 있겠는데 이렇게 확산 환자가 늘어나는 이유는 어디에 있을까요?☏ 이재갑 > 아쉬운 부분들은 그 분이 맨처음에 본인이 학원 강사인 걸 얘기를 안 했잖아요. 그것 때문에 연쇄적으로 이제 발생했던 이유가 됐던 부분이어서 사실 그 부분이 상당히 안타깝고 또한 그분이 택시운전자 통해서 여러 군데 전파되는 한 고리가 만들어졌기 때문에 대중교통 이용할 때 마스크를 썼다고 하지만 택시나 이런 부분도 아까도 계속 설명드리지만 호흡기로만 전파되는 게 아니라 확진환자가 타도 주변 오염시키면 이웃한 고객들한테도 전파 사례를 보였잖아요. 중국인 두 분 같은 경우. 그래서 택시 내부나 이런 부분에 환경소독이나 이런 부분이 계속 열심히 하고 있긴 했는데 좀더 강화가 돼야 이런 운송수단을 통한 전파도 차단할 수 있을 것 같아서 일단 역학조사 초기에 문제 있던 부분들, 운송수단에 해당되는 부분들에 대한 환경소독 문제, 이런 부분이 다시 한 번 재부각되는 것 같습니다.☏ 진행자 > 인천 102번 환자 같은 경우 학원 간사로 알려져 있는 그 분이요. 특별히 감염력이 높다거나 전파력이 높거나 이렇게 평가할 수 있을까요?☏ 이재갑 > 2차 감염이 해당되기 때문에 그분이 많은 분을 감염시킨 게 아니라 그 분이 시작돼서 고리가 돼서 계속 확산되는 거여서 일단 코로나19자체가 이 정도로 전파가 잘 된다, 이렇게 생각을 해서 경각심을 가져야 되는 상황인 거죠. 그분이 슈퍼전파자라기보다 전파를 일으킨 사실 시작밖에 안 시킨 건데 이후에 꼬리에 꼬리를 무는 정도로 코로나19는 우리가 생각했던 것보다 훨씬 더 지역 사회내 전파가 용이하다는 걸 알려주는 사례로 생각이 됩니다.☏ 진행자 > 알겠습니다. 짧게 하나만 여쭐게요. 미국에서 백신 얘기 나오고 있는데 너무 헛된 희망입니까? 일단요.☏ 이재갑 > 헛된 희망은 아니고 여러 개가 시도가 돼야 된다는 걸 말씀드리고요. 일단 여러 연구결과들이 종합되면 그중에 8개 임상 들어가고 전 세계적으로 2, 30개 정도 백신들이 연구가 되고 있으니까 그 중에 2~3개만 성공해도 전 세계적으로 쓸 수 있게 만들 수 있기 때문에 인내심을 가지고 기다릴 수밖에 없을 것 같습니다.☏ 진행자 > 집단지성이 필요한 시기인 것 같기도 합니다. 지금까지 한림대 강남성심병원 이재갑 교수였습니다. 오늘 고맙습니다.☏ 이재갑 > 감사합니다.저작권자(c) MBC (www.imnews.com) 무단복제-재배포 금지"
38,마스크,2020.05.22,매경닷컴,"트럼프, 당국자 호소에도 마스크 미착용 또다시 논란","도널드 트럼프 대통령이 21일(현지시간) 미국의 신종 코로나바이러스 감염증(코로나19) 대유행 와중에도 외부 공식 행사에서 마스크를 제대로 착용하지 않아 또다시 논란을 빚고 있다.CNN방송 등에 따르면 트럼프 대통령은 이날 흑인지도자와 면담, 미시간주 포드 자동차 공장 연설 때 마스크를 착용하지 않았다.그는 생산현장을 시찰할 때 마스크를 썼냐는 언론 질문에 공장 측에서 선호하는 한 지점에서 썼다고 한 뒤 ""아주 좋았다. 매우 좋아 보였다. 그들은 반드시 쓸 필요는 없다고 말했다""고 대답했다.앞서 다나 네설 미시간주 법무장관은 트럼프 대통령에게 서한을 미리 보내 ""마스크 착용은 단지 포드의 정책이 아니라 주지사의 명령이다. 현재 이 주의 법""이라며 법적 의무일 뿐만 아니라 도덕적 책임이라고까지 호소했다.포드사 대변인도 모든 사람이 마스크를 착용할 필요가 있음을 백악관에 전달했다고 밝혔다. 다만 ""백악관은 자체 안전 및 검사 기준이 있고 스스로 결정할 것""이라며 최종 판단은 백악관에 맡겼다.트럼프 대통령은 앞선 두 차례 현장 방문 때도 마스크를 착용하지 않았다.그는 38일 만의 첫 외부일정이던 지난 5일 애리조나 마스크 생산시설 방문 때 마스크가 아닌 고글을 썼다가 눈총을 받자 무대 위에서 일정 기간 마스크를 착용했다고 해명했다.또 지난 15일 펜실베이니아주 의료장비 공급업체 방문 때 다른 일행과 달리 트럼프 대통령과 마크 메도스 백악관 비서실장만 마스크를 쓰지 않았다는 보도가 나왔다.[사진제공=연합뉴스][디지털뉴스국]▶네이버 메인에서 '매일경제'를 받아보세요▶매부리TV 구독하고 에어팟프로 득템!! ▶뉴스레터 '매콤달콤' 구독[ⓒ 매일경제 & mk.co.kr, 무단전재 및 재배포 금지]"
39,마스크,2020.05.22,SBS & SBSi ,"트럼프, 당국자 호소했건만 또 마스크 논란…""언론 앞에선 안 써""","도널드 트럼프 미국 대통령이 현지시간 21일 외부 공식 행사에서 마스크를 제대로 착용하지 않아 또다시 논란을 빚었습니다.연방정부가 공공장소에서 마스크를 착용하라는 권고까지 했지만 트럼프 대통령은 마스크를 아예 착용하지 않거나 언론 앞에서 마스크를 쓴 모습을 피해 눈총을 받고 있다는 평가입니다.이달 들어 세 번째 현장 방문인 미시간주 포드 자동차 공장에서 트럼프 대통령이 마스크를 쓸지는 출발 전부터 큰 관심 대상이었습니다.코로나19 여파로 생산을 재개한 지 얼마 되지 않은 포드는 물론 미시간주 법무장관까지 나서서 마스크 착용을 요청했기 때문입니다.다나 네설 미시간주 법무장관은 트럼프 대통령에게 서한을 미리 보내 ""마스크 착용은 단지 포드의 정책이 아니라 주지사의 명령이다. 현재 이 주의 법""이라며 법적 의무일 뿐만 아니라 도덕적 책임이라고까지 호소했습니다.하지만 CNN 등에 따르면 트럼프 대통령은 흑인지도자와 면담, 포드 공장 연설 때 마스크를 착용하지 않았습니다.트럼프 대통령은 생산현장을 시찰할 때 마스크를 썼냐는 언론 질문에 잠시 썼을 뿐, 제대로 착용하진 않았다는 취지로 말했습니다.또 트럼프 대통령은 ""나는 언론이 그것(마스크 착용 모습)을 보는 즐거움을 주고 싶지 않다""라고도 말했습니다.앞서 트럼프 대통령은 두 차례 현장 방문 때도 마스크를 착용하지 않아 뒷말을 낳았습니다.(사진=게티이미지코리아)전병남 기자(nam@sbs.co.kr)▶ '친절한 애리씨' 권애리 기자의 '친절한 경제'▶ '스트롱 윤' 강경윤 기자의 '차에타봐X비밀연예'※ ⓒ SBS & SBS Digital News Lab. : 무단복제 및 재배포 금지"
40,마스크,2020.05.22,엑스포츠 뉴스,오늘(5월 22일) KF94마스크 판매처…미마마스크·아에르 마스크·웰킵스 등,"22일 ▲미마마스크 ▲크린에어텍 ▲아에르 마스크 ▲뉴네퓨어 ▲웰킵스 ▲걸리버 인쇄 ▲마스크팜 ▲라오메뜨 ▲닥터퓨리 ▲위케어  등에서 KF94 마스크를 판매할 예정이다.미마마스크는 이날 ▲오전 9시부터 '미마 미세먼지 황사 보건용 마스크 10개입(KF94)'을 1만4900원에 ▲'미마마스크 어린이 미세먼지 황사 보건용마스크 10개입(KF80)'을 1만4900원에 ▲'미마마스크' 네이버 스토어팜(네이버 스마트 스토어)을 통해 판매할 예정이다.크린에어텍은 ▲이날 오전 9시부터 'KF94 향균한지마스크 대형(10매)'를 1만9000원에 판매할 예정이다. 판매처는 ▲크린에어텍 네이버 스마트 스토어다.10아에르 마스크는 이날 ▲오전 9시 45분부터 'KF94 아에르 스탠다드 베이직 마스크 (10개입)'을 1만1900원에 판매할 예정이다. 판매처는 ▲아에르 마스크 네이버 스마트 스토어다.뉴네퓨어는 이날 ▲오전 10시부터 11시 중 '뉴네퓨어 화이트 황사방역용 마스크 KF94(5매)'를 4900원에 게릴라 방식으로 판매할 예정이다. ▲판매처는 뉴네퓨어 네이버 스마트 스토어인 '공감아이'다.웰킵스는 ▲오전 10시에서 오후 12시, 오후 2시에서 오후 5시 사이 게릴라 방식으로 KF94 마스크를 판매한다. ▲판매처는 자체몰 웰킵스몰과 웰킵스 스토어팜(네이버 스마트 스토어)에서 통시에 진행될 예정이다.위케어는 이날 ▲오전 11시에 'KF94 마스크(사이즈 미정)'를  판매할 예정이다. ▲판매처는 위케어 네이버 스마트 스토어다.걸리버 인쇄는 이날 ▲오후 1시부터 '휴그린 KF94 방역마스크 1매' 5장을 ▲네이버 스마트 스토어를 통해 개당 990원에 판매할 예정이다.마스크팜은 ▲이날 오전 중 'KF94 미세먼지 황사 방역 마스크 5매를 9000원에 'KF94 미세먼지 황사 마스크 100매 대형'을 17만9000원에 판매할 예정이다. ▲판매처는 마스크팜 네이버 스마트 스토어다.금아마스크는 ▲이날 불특정 시간에 '금아블랙마스크(일회용 덴탈마스크) 50매 1박스'를 1만 7400원에 금아스토어 네이버 스마트 스토어에서 판매할 예정이다. ▲판매 시간은 판매 제품 상세페이지 혹은 공식 인스타그램 계정을 통해 고지할 예정이다.라오메뜨는 'KF94 마스크 1봉(5매입)'을 7450원에 수시로 판매할 예정이다. 판매처는 라오메뜨 카카오 스토어다.닥터퓨리는 ▲이날 불특정 시간에 'KF94 미세먼지 황사마스크'를 네이버 스마트 스토어를 통해 판매할 예정이다. ▲입고 시간과 사이즈는 공식 인스타그램 계정을 통해 발표할 예정이다.무신사는 '무신사 스탠다드 KF94 밸브 마스크 20팩 화이트' 래플(추첨) 응모를 오는 26일부터 진행할 예정이다.기존 판매처 중 ▲이노마트 ▲국대마스크 ▲아이에뜨는 공적마스크 공급 등을 위해 판매를 중단했다.tvX 백종모 기자 phanta@xportsnews.com / 사진=엑스포츠뉴스DB보도자료·기사제보 tvX@xportsnews.com▶tvX는 No.1 엔터테인먼트 미디어 엑스포츠뉴스의 영상·뉴미디어 브랜드입니다.▶ 요즘 핫한 아이돌 공항 직캠 보러가기 ▶ 고화질 영상으로 만나는 나의 스타 - ⓒ엑스포츠뉴스, 무단 전재 및 재배포 금지"
41,마스크,2020.05.22,연합뉴스TV,"""입모양이 보여요""…청각장애인을 위한 투명마스크 배포","동영상 뉴스       	 	[앵커]대전의 한 예비사회적 기업이 청각장애인을 위한 투명 마스크를 제작해 무료로 배포하고 있습니다.청각장애인들은 보통 수어나 입모양, 얼굴표정을 읽어 소통을 하는데, 코로나19로 인해 전국민이 마스크를 착용하면서 발생한 소통의 어려움을 해소할 수 있을 것으로 기대됩니다.  이호진 기자입니다.[기자]마스크의 가운데 부분을 잘라내고, 플라스틱 위생 마스크를 붙입니다.가운데가 투명해 입모양이 훤히 보입니다.청각장애인을 위한 투명 마스크, 립뷰마스크입니다.이 립뷰마스크는 이 투명 위생마스크를 탈부착 가능하게 만들어, 언제든지 교환이 가능합니다.청각장애인을 위한 마스크이지만, 청각장애인이 착용하는 마스크는 아닙니다.청각장애 학생들을 가르치는 선생님들을 위해 제작됐습니다.<최상아 / 청각장애인 생애지원센터 직원(청각장애인)> ""인공와우수술을 하더라도 듣는 정도가 다 다르기 때문에 저희는 입모양 보는거랑, 얼굴표정 그리고 제스쳐 같은 비언어적인 표현을 정말 중요하게…""특히 전국의 청각 장애 학생 6,200여명 가운데 대부분은 비장애 학생들과 함께 수업을 받는데, 교사가 마스크를 쓴 채 말하면 수업 내용을 제대로 이해할 수 없습니다.이를 고려해 대전의 예비 사회적기업 '청각장애인 생애지원센터'에서 입모양이 보이는 마스크를 만든 겁니다.모든 재원은 후원을 받아 마련됐고, 이 투명 마스크를 필요로하는 학교와 교육기관에는 무상으로 배포하고 있습니다.또 고3 등교에 맞춰 이미 1,800개를 전국 학교에 전달했습니다.<조성연 / 청각장애인 생애지원센터 대표> ""자원봉사가 한정돼 있기 때문에 한번에 많은 물량이 나갈 수가 없어요. 그래서 시간이 되시면 오셔서 자원봉사 해주시면 저희가 너무 감사할 것 같습니다.""청각장애인 생애지원센터는 제작품을 무상 배포하기도 하지만 도안을 홈페이지에 올려 필요한 사람은 누구나 쉽게 제작해 사용할 수 있도록 조치했다고 밝혔습니다.연합뉴스TV 이호진입니다.연합뉴스TV 기사문의 및 제보 : 카톡/라인 jebo23 ▶ 연합뉴스TV 네이버 채널 구독 ▶ 생방송 시청 ▶ 대한민국 뉴스의 시작, 연합뉴스TV 앱 다운받기"
42,마스크,2020.05.22,머니S,"또 마스크 건너뛴 트럼프… 이유 묻자 ""언론 즐거운 일은 안해""","도널드 트럼프 미국 대통령이 21일(현지시간) 미시간주 입실란티에 위치한 포드 로손빌 부품공장을 방문해 관계자와 이야기를 나누고 있다. /사진=로이터도널드 트럼프 미국 대통령이 신종 코로나바이러스 감염증(코로나19) 확산 속에서도 마스크 착용을 기피하는 이유를 설명했다.21일(현지시간) 미국 'CNBC' 등에 따르면 트럼프 대통령은 이날 미시간주 입실란티에 위치한 포드 로손빌부품공장을 방문했다.미시간주법과 포드 공장 규칙은 방문객 모두가 마스크를 착용해야 한다고 규정한다. 하지만 트럼프 대통령은 이날도 마스크를 쓰지 않은 채 공장을 시찰했다. 포드사 측 임원들이 전원 마스크를 착용한 것과 대조됐다.트럼프 대통령은 이날 왜 마스크를 쓰지 않았냐는 한 기자의 질문에 ""필요하지 않다""라며 ""모든 사람이 검사받고 나도 그렇게 검사를 받고있다""라며 마스크 착용이 불필요하다고 주장했다.그는 ""기자들에게 보이지 않는 구역에서는 (마스크를) 썼다""라며 ""언론에 마스크를 쓴 모습을 보여주는 즐거움을 주고 싶지 않았다""라고 설명했다.이어 포드 임직원들을 언급하며 ""내게는 선택권이 있었다. 그들(임직원)이 쓰기를 권한 지역에서는 마스크를 착용했다""라고 부연했다.윌리엄 포드 주니어 회장은 이같은 내용에 대해 기자들에게 ""대통령에게 달렸다""는 애매한 대답을 내놨다.트럼프 대통령은 지난 5일에도 애리조나주의 마스크 제조 공장을 방문한 자리에서 마스크를 쓰지 않아 논란을 빚었다. 그는 마스크 대신 안전고글을 착용한 채 공장을 둘러봤다.미 존스홉킨스대학 집계시스템에 따르면 미국에서는 이날까지 157만5064명의 코로나19 누적 확진자가 나왔고 이 중 9만4591명이 숨졌다.안경달 기자 gunners92@mt.co.kr▶ 고수들의 재테크 비법 영상▶거품 뺀 솔직 시승기 ▶ 코로나19 속보 <저작권자 ⓒ '성공을 꿈꾸는 사람들의 경제 뉴스' 머니S, 무단전재 및 재배포 금지>"
43,마스크,2020.05.22,헤럴드경제,또 마스크 안 쓴 트럼프 “코로나 2차물결 닥쳐도 나라 안 닫아”,"인공호흡기 생산 포드 공장 방문“미국인에 훌륭한 처방” 2차부양 거론“마스크 써 언론 기뻐하는 걸 원치 않아”민주 지도부 “코로나 사망 10만시 조기게양”도널드 트럼프 미국 대통령이 21일(현지시간) 미시간주에 있는 포드공장을 찾아 보호용 안면 가리개를 얼굴에 대보고 있다. [로이터][헤럴드경제=홍성원 기자]도널드 트럼프 미국 대통령은 21일(현지시간) 신종 코로나바이러스 감염증(코로나19) 관련, “‘2차 물결’이 미국에 닥쳐도 국가를 닫지 않을 것”이라고 밝혔다.트럼프 대통령은 이날 인공호흡기 등을 생산 중인 미시간주(州)의 포드 공장을 방문한 자리에서 ‘2차 물결’에 대한 기자들의 질문을 받고 “사람들이 그게 분명한 가능성이 있다고 한다. 이건 기준”이라며 이같이 말했다.그는 “불을 끌 거지만, 국가를 닫지는 않을 것”이라며 “작은 불씨든, 화염이든 우린 불을 끌 수 있다. 그러나 국가를 닫지 않을 것”이라고 재차 강조했다.코로나19 충격 최소화를 위해 각 주가 어렵게 봉쇄조처 완화 국면에 들어섰는데 경제활동을 멈추는 이동제한 등의 상태로 돌아갈 순 없다는 의지를 강하게 피력한 것이다.전염병 최고 전문가인 앤서니 파우치 미 국립보건원국립보건원(NIH) 산하 국립알레르기·전염병연구소(NIAID) 소장은 최근 워싱턴포스트(WP)에 “발병 사례의 새로운 물결이 있을 거라는 점을 의심하지 않는다”고 했다.트럼프 대통령은 2차 경기부양 법안이 나올 걸로 본다고도 했다. 공화당 주도로 3월말 의회를 통과·발효한 케어스법(CARES Act)의 후속을 뜻하는 거다. 그는 “미국인을 도울 또 한 번의 훌륭한 처방이 있을 것”이라고 했다. 법안에 어떤 내용이 담겨야 하냐는 질문엔 즉답하지 않고 “적절한 때에 알릴 것”이라고 했다.도널드 트럼프 미국 대통령이 21일(현지시간) 미시간주에 있는 포드공장을 방문, 대통령 직인이 찍힌 안면 마스크를 손에 들고 얘기를 하고 있다. 언론 카메라가 있을 땐 마스크를 쓰지 않았지만, 그 외엔 착용했다는 걸 설명했다. [로이터]트럼프 대통령은 이날도 마스크를 착용한 모습을 보이지 않았다. 포드 공장 내부 규정을 어긴 것이다. 다만, 한 관계자는 트럼프 대통령이 카메라가 비치지 않는 곳에선 썼다고 전했다.트럼프 대통령은 “이 뒤 쪽에 오기 전엔 하나 썼는데, 내가 마스크 쓴 걸 언론이 봐서 기뻐하는 걸 원치 않았다”고 했다. 대통령 도장이 찍혀 있는 마스크를 보여주기도 했다. 카메라가 있는 곳에선 일부러 벗었다는 얘기다.한편 민주당의 낸시 펠로시 하원의장과 척 슈머 상원 원내대표는 이날 트럼프 대통령에게 코로나19 사망자가 10만명이 넘는 날 조기를 게양토록 명령하라는 내용의 서한을 발송했다. 이들은 “모든 공공건물에 조기를 달게 하면 국가적 슬픔을 표현하게 될 것”이라고 말했다.국제 통계사이트 월도미터에 따르면 미국의 코로나19 사망자는 이날 현재 9만6000여명이다. 하루 평균 1000명 안팎으로 사망자가 추가되고 있다. 이 추세면 현충일(메모리얼 데이·5월 25일)께 10만명을 돌파할 전망이다.hongi@heraldcorp.com▶[디;콘] 여론조사를 조사하다!▶우리동네 젠트리피케이션 위험도 ▶농수축산물 소비캠페인 - Copyrights ⓒ 헤럴드경제 & heraldbiz.com, 무단 전재 및 재배포 금지 -"
44,마스크,2020.05.22,뉴스1,결국은 '노 마스크' 트럼프…이유 들어보니,"'착용 의무화' 포드 공장서도 미착용…""언론에 놀림감 되기 싫다""포드 공장을 방문한 도널드 트럼프 대통령 © 로이터=뉴스1(서울=뉴스1) 권영미 기자 = 도널드 트럼프 미국 대통령이 21일(현지시간) 미국 미시간주 포드 자동차 공장을 시찰하는 현장에서 주법을 어기고 마스크를 쓰지 않았다. 그 이유를 묻자 ""언론에 보는 즐거움을 주지 않기 위해서""라고 답했다. CNBC 등 미 외신에 따르면 트럼프 대통령은 이날 미시간주 입실란티에 위치한 포드 로손빌부품공장을 방문하고 있었다. 이곳은 현재 코로나19 치료에 필요한 인공호흡기를 만들고 있다. 미시간주 주법과 포드 공장 규칙에 따르면 이곳을 방문하는 모든 이는 지위고하를 막론하고 마스크를 착용해야 했다. 하지만 시설을 설명하는 포드 측 임원들은 모두 마스크를 섰지만 트럼프는 쓰지 않은 채 질문을 하고 이야기 나누었다. ◇ ""언론 즐겁게 해주기 싫어 마스크 안써"" : '왜 마스크를 쓰지 않았냐'는 한 기자의 질문에 트럼프 대통령은 ""필요치 않다""고 답했다. 이어 ""모든 사람이 검사받고 나도 그렇게 검사받고 있다""면서 걸린 사람이 없기에 안전하고 쓸 필요가 없다는 의미의 말을 보충했다. 이어 그는 ""기자들에게 보이지 않는 구역에서는 썼다""면서 ""하지만 언론에 마스크를 쓴 모습을 보는 즐거움을 주고싶지 않았다""고 덧붙였다. 대통령은 포드 임직원들을 언급하면서 ""내겐 선택권이 주어졌다. 그들이 쓰길 원한 한 지역에서 나는 마스크를 썼다""고 설명했다. 기자들은 윌리엄 포드 주니어 회장에게 ""이 구역에서 마스크를 쓰지 않아도 된다고 대통령에게 말했는지 확인해줄 수 있냐""며 트럼프 대통령 주장의 진위를 따져 물었다. 포드 회장의 대답은 모호했다. 그는 어깨를 으쓱하면서 ""대통령에게 달렸다""고 알쏭달쏭하게 답했다. 포드 공장에서 연설하는 도널드 트럼프 대통령 © AFP=뉴스1◇ 공장 방문 금지령·마스크 착용 의무 무시 : 포드측은 나중에 ""포드 회장은 트럼프 대통령이 공장에 도착했을 때 마스크를 쓰도록 독려했다""고 변명했다. 그러면서 ""대통령은 포드 GT 3대를 개인적으로 관람하는 동안은 마스크를 착용했다. 그후 남은 방문 동안에는 마스크를 벗었다""고 설명했다.이번 대통령의 마스크 거부는 물론 공장 방문 자체도 여러 반대와 경고 속에서 진행됐다. 그레첸 휘트머 미시간 주지사는 이번 주 초 코로나 바이러스 확산을 막기 위해 주 내 공장에 대한 불필요한 방문을 금지하는 행정명령에 서명했다.다나 네셀 미시간주 검찰총장은 20일 트럼프 대통령의 방문을 막지는 않겠지만, 대통령이 공장을 방문할 때 마스크를 착용해야 하는 주법을 따를 '법적 책임'이 있다고 강조했다. 네셀 총장은 대통령에게 보낸 공개 서한에서 ""방문 동안 포드 공장, 그리고 미시간주 전역 남녀노소의 코로나19와 싸우는 노력을 존중해 마스크를 써줄 것을 부탁한다""고 특별히 당부까지 했다. 포드 자동차 측도 백악관에 마스크 의무 착용 정책을 통보했다고 밝혔다. 다만 포드는 대통령이 마스크를 쓸 지 여부에 대해서는 ""백악관 자체 안전 및 시험정책이 마련돼 있고 나름대로 결단을 내릴 것""이라고 판단을 유보했다. 결국 대통령은 언론에 놀림감이 되기 싫다는 이유로 이 모든 통지와 당부를 무시한 셈이다.ungaungae@news1.kr▶ 네이버 메인에서 [뉴스1] 구독하기!▶  뉴스1 바로가기 ▶  코로나19 뉴스 © 뉴스1코리아(news1.kr), 무단 전재 및 재배포 금지"
45,마스크,2020.05.22,연합뉴스,"트럼프, 당국자 호소했건만 또 마스크 논란…""언론 앞에선 안써""","주 법무장관·포드사 착용 요청 안먹혀…앞선 2차례 현장방문 때도 눈총(워싱턴=연합뉴스) 류지복 특파원 = 미국의 신종 코로나바이러스 감염증(코로나19) 대유행 와중에 도널드 트럼프 대통령이 21일(현지시간) 외부 공식 행사에서 마스크를 제대로 착용하지 않아 또다시 논란을 빚었다.    연방정부가 공공장소에서 마스크를 착용하라는 권고까지 했지만 트럼프 대통령은 마스크를 아예 착용하지 않거나 언론 앞에서 마스크를 쓴 모습을 피해 눈총을 받고 있다.마스크 손에 쥐고 있는 트럼프 대통령 [로이터=연합뉴스]    이달 들어 세 번째 현장 방문인 이날 미시간주 포드 자동차 공장에서 트럼프 대통령이 마스크를 쓸지는 출발 전부터 큰 관심 대상이었다. 코로나19 여파로 생산을 재개한지 얼마되지 않은 포드사는 물론 미시간주 법무장관까지 나서서 마스크 착용을 요청했기 때문이다.    다나 네설 미시간주 법무장관은 트럼프 대통령에게 서한을 미리 보내 ""마스크 착용은 단지 포드의 정책이 아니라 주지사의 명령이다. 현재 이 주의 법""이라며 법적 의무일 뿐만 아니라 도덕적 책임이라고까지 호소했다.    앞서 포드사 대변인도 모든 사람이 마스크를 착용할 필요가 있음을 백악관에 전달했다고 밝혔다. 다만 트럼프 대통령의 거부감을 의식한 듯 ""백악관은 자체 안전 및 검사 기준이 있고 스스로 결정할 것""이라며 최종 판단은 백악관에 맡겼다.    CNN방송 등에 따르면 트럼프 대통령은 이날 흑인지도자와 면담, 포드 공장 연설 때 마스크를 착용하지 않았다.     그는 생산현장을 시찰할 때 마스크를 썼냐는 언론 질문에 공장 측에서 선호하는 한 지점에서 썼다고 한 뒤 ""아주 좋았다. 매우 좋아 보였다. 그들은 반드시 쓸 필요는 없다고 말했다""고 대답하며 대통령 직인이 찍힌 남색 마스크를 보여주기도 했다.포드 시설 둘러보는 트럼프 대통령 [AP=연합뉴스]    잠시 썼을 뿐, 제대로 착용하진 않았다는 말이다. 정치전문매체 더힐은 ""포드사 간부들이 마스크를 착용하고 있었음에도 불구하고 대통령은 마스크 없이 공장 바닥을 돌아다녔다""고 전했다.     트럼프 대통령은 ""나는 언론이 그것(마스크 착용 모습)을 보는 즐거움을 주고 싶지 않다""라고도 말했다. 언론 카메라 앞에서는 마스크를 쓰지 않겠다는 것이다.     빌 포드 포드사 회장은 언론 질문에 ""이는 그에게 달린 문제""라고 넘어갔다.     트럼프 대통령은 백악관을 출발하면서 착용 의향에 대해 ""모르겠다. 한 번 보려고 한다""고 구체적으로 답변하지 않았다.    트럼프 대통령은 앞선 두 차례 현장 방문 때도 마스크를 착용하지 않아 뒷말을 낳았다.    그는 38일 만의 첫 외부일정이던 지난 5일 애리조나 마스크 생산시설 방문 때 마스크가 아닌 고글을 썼다가 눈총을 받자 무대 위에서 일정 기간 마스크를 착용했다고 해명했다.    또 지난 15일 펜실베이니아주 의료장비 공급업체 방문 때 다른 일행과 달리 트럼프 대통령과 마크 메도스 백악관 비서실장만 마스크를 쓰지 않았다는 보도가 나왔다.    이날 방문은 전날 트럼프 대통령이 미시간주의 11월 대선 때 우편투표 확대 추진을 문제 삼아 자금 지원을 보류하겠다고 엄포를 놓는 등 마찰을 빚은 다음 날 이뤄졌다.    또 폭우로 미시간주 디트로이트 북쪽의 이든빌 댐과 샌퍼드 댐이 범람해 주민들이 고통을 겪는 와중에 방문한 것이기도 하다. 다만 트럼프 대통령은 이날 댐 범람 현장은 방문하지 않고 일정 도중 간단한 성명을 발표했다.마스크 보여주는 트럼프 대통령 [AFP=연합뉴스]    트럼프 대통령은 코로나19 대응 과정에서 민주당 소속인 주지사와 여러 차례 충돌했지만, 이곳은 대선 승부처로 통하는 '경합주' 중 한 곳이어서 선거운동을 염두에 둔 일정이라는 해석도 낳았다. 미시간 주지사는 이날 동행하지 않았다.     트럼프 대통령은 교회를 시작으로 사회적 거리두기 완화를 위한 더 많은 조치가 필요하다며 경제 정상화 필요성을 강조했다. 코로나19 재확산 가능성이 있다면서도 ""우리는 그 불을 끌 것""이라고 답했다.    그는 민주당이 경제를 계속 닫아놓는 바람에 주를 해치고 있어 대선 때 민주당을 벌줘야 한다고 주장했다. 또 민주당이 추가 경기부양책을 요구하는 것과 관련해 ""나이스 샷(nice shot)을 한 번 더 할지도 모른다""고 말했다.    jbryoo@yna.co.kr▶코로나19 속보는 네이버 연합뉴스에서 [구독 클릭]▶[팩트체크] 재난지원금 총정리▶제보하기"
46,마스크,2020.05.22,KBS,[팩트체크K] 마스크 오래 쓰면 이산화탄소에 중독되나?,"""하루종일 마스크 쓰고 있으면 이산화탄소에 중독될 수 있다!""인터넷 카페와 기사 댓글, SNS에 떠돌고 있는 주장입니다. 학생들의 등교 개학이 코로나19 사태로 미뤄지다 이틀 전(20일) 고3 학생을 대상으로 이뤄졌는데요. 충남 천안의 한 고등학생이 마스크를 쓴 채로 수업을 듣다 호흡곤란 증세를 보이며 쓰러졌다는 보도에 터져 나온 누리꾼 반응입니다. 해당 주장은 일전에도 간간이 나왔는데요. 학부모·학생 모두 등교 개학을 '기대 반 우려 반'의 시선으로 바라보고 있던 차에 이런 일까지 터지자 그 불안감이 증폭되는 분위기입니다. 쓰러졌던 학생은 곧바로 인근 병원으로 옮겨져 치료를 받았고 별다른 이상은 없는 것으로 전해졌습니다. 충남도교육청 관계자는 ""쓰러진 학생이 호흡기 질환을 갖고 있었던 건 아니다. 혹시 몰라 곧 정밀검사를 받아볼 계획""이라고 밝혔습니다. 장시간 마스크를 쓰고 공부해야 하는 전례 없는 상황. 교사도 학생도 모두가 힘들 수밖에 없는데요.""하루종일 마스크 쓰고 있으면 이산화탄소에 중독될 수 있다.""는 주장은 어디까지 믿어야 할까요? 막연한 불안감일지, 과학적 근거가 있는지 따져봤습니다. 이산화탄소 중독을 우려하는 이유는?일각에서 이산화탄소 중독증을 우려하는 이유가 뭘까요? 마스크를 장시간 끼고 있을 경우 날숨 때 배출되는 체내 이산화탄소가 마스크 내부에 축적된다는 가정에서 비롯된 겁니다. 마스크 내 이산화탄소 농도가 높아져 과도하게 이산화탄소를 흡입하게 된다는 주장이죠.신선한 공기 속 이산화탄소 농도는 대략 0.04% 입니다. 실내에서 가스 누출 등의 이유로 공기 중 이산화탄소 농도가 3%가 넘으면 숨이 가빠지고 10% 이상 고농도에 노출될 경우 의식불명, 20% 이상이면 사망에 이르기도 합니다.마스크를 장시간 착용하면 정말 마스크 내 이산화탄소 농도가 인체에 해로운 수준까지 올라갈까요?""N95 필터 마스크 사용 시 CO₂농도 유의미하게 증가"" 실제로 관련 연구결과가 있습니다. 다만 N95, 그러니까 우리의 KF94 마스크를 오래 쓰고 있을 경우에 한해서입니다. 2006년 미국 국립생명공학정보센터가 발표한 'N95마스크를 쓴 의료진의 두통 연구'(Headaches and the N95 Face-Mask Amongst Healthcare Providers)에 따르면 조사에 참여한 212명의 의료진 중 79명(37%)이 N95마스크 착용 이후 두통 증상을 보인 것으로 나타났습니다. 연구팀은 2003년 사스 발병 이후 1년간 고위험지역에서 N95 마스크를 착용한 의료진을 대상으로 두통 발생빈도에 대한 설문조사를 벌여 이런 결과를 얻었습니다.특히 두통 증상을 호소한 79명 중 26명(33%)은 한 달에 6번 이상 두통을 겪었고 6명(8%)은 평균 2일 정도의 병가를 냈습니다. 절반이 넘는 47명은 두통으로 인해 진통제까지 복용한 것으로 나타났습니다. 연구팀은 두통이 저산소혈증(혈액 내 산소 적음)과 과탄산혈증(혈액 내 탄산 과도)에서 기인한 걸로 보고 ""4시간 동안 N95 마스크를 사용한 경우 흉부 불편의 발생률이 더 높았다""면서 ""마스크 착용 기간이 짧을수록 두통의 빈도와 심각도가 감소할 수 있다.""고 결론내렸습니다. 다시 말해, 일각의 우려대로 마스크를 오래 쓰고 있을 경우 저산소증이나 체내 이산화탄소 농도가 높아질 수 있다는 겁니다. 2010년에 발표된 또 다른 연구에선(Surgical Mask Placement Over N95 Filtering Facepiece Respirators: Physiological Effects on Healthcare Workers) N95 마스크를 1시간 동안 착용한 의료진의 호흡기 내부에서 이산화탄소 농도가 유의미하게 증가했다는 내용도 있습니다. 위 두 연구 모두 KF94에 준하는 의료용 마스크를 사용했을 때의 얘깁니다. 천안에서 쓰러진 학생이 정확히 어떤 마스크를 썼는지는 아직 확인되지 않았습니다. 해외 매체들 대체로 ""사실 아냐"" ""마스크를 오래 쓰면 이산화탄소 중독의 가능성이 있다""는 주장은 국내뿐 아니라 해외에서도 제기됐습니다. 때문에 여러 해외 매체들이 해당 내용을 팩트체크했는데요. 대부분 사실이 아닌 것으로 판정했습니다. 미국의 팩트체크 전문매체인 스놉스(snopes)는 미국 질병통제예방센터(CDC)와 복수의 의료 전문가들의 의견을 근거로 ""천과 수술용 마스크가 얼굴에 꽉 끼지 않기 때문에 위험이 발생할 가능성은 매우 낮고 N95 마스크도 1시간 미만으로 사용하면 유의미한 위험을 초래하지 않는다""고 밝혔습니다. 영국 통신사 로이터가 운영하는 팩트체크팀도 ""일반인이 마스크 착용으로 이산화탄소 과다호흡을 할 가능성은 낮다""고 봤습니다. 미국 지역언론인 WUSA9과 건강매체인 Health.com도 여러 전문가의 자문을 통해 ""마스크 착용이 이산화탄소 중독을 야기하지 않는다.""라고 결론 내렸습니다. 다만, 이들 매체는 대개 일반 마스크를 대상으로 봤을 때 그렇다는 거고 N95마스크를 썼다고 해도 1시간 미만일 경우, 다시 말해 오래 사용하지 않는다는 것을 전제로 했을 때 별문제가 없다고 분석했습니다. 바꿔말하면 KF94 이상의 마스크를 1시간 이상 쓰고 있으면 이산화탄소 농도가 인체에 해로운 수준으로 높아질 수 있음을 시사합니다. ""일반 마스크 쓰면 문제 없어""김우주 고려대구로병원 감염내과 교수는 이와 관련해 ""KF94나 99 등 고필터 마스크를 쓰면 숨이 찰 수 있어 의료인이 아닌 일반인에겐 권고하지 않는다. KF80이나 덴탈마스크로도 충분하다.""고 강조했습니다. 그러면서 ""어쨌든 마스크 종류와 상관없이 학생들에게 잠시 숨 쉴 틈을 주는 것이 필요하다, 하루종일 마스크를 쓰고 있을 필요는 없다""고 밝혔습니다. 쉬는 시간이나 점심시간 등을 이용해 잠시 숨 돌릴 틈을 주는 세밀한 방역 지침이 필요하다는 설명입니다.이세원 서울아산병원 호흡기내과 교수는 ""마스크를 오래 끼면 기존 호흡기 질환자들에게서 상태가 안 좋아지는 건 임상적으로 당연하다""면서도 ""건강한 사람이 마스크를 장시간 착용할 때 어떤 영향이 있을지에 대해선 아직 객관적으로 증명된 게 없다""고 말해 더 많은 연구가 필요하다는 점을 내비쳤습니다. 종합하면, KF94 마스크를 장시간 사용할 경우엔 이산화탄소 중독증이 나타날 가능성이 있지만, KF80이나 덴탈 마스크를 쓸 경우 그 확률은 매우 낮다는 게 국내외 전문가와 각종 연구결과, 여러 팩트체크 기사들이 공통적으로 내린 결론입니다. ※취재지원: 노수아 / 팩트체크 인턴 기자(xooahha@gmail.com)◆ 진실을 향한 더 깊은 시선 [팩트체크K 보러 가기]◆ 똑똑한 팩트체크 이야기 [팩톡 보러 가기]◆ 영상 버전으로 보기 ▶ ‘ 코로나19 확산 우려’ 최신 기사 보기http://news.kbs.co.kr/news/list.do?icd=19588임주현 기자 (leg@kbs.co.kr)▶ ‘코로나19 팩트체크’ 제대로 알아야 이긴다▶ 우리 동네 무슨 일이? KBS지역뉴스▶ 더 빠르고 정확한 소식을 원하시면 KBS뉴스 구독!"
47,마스크,2020.05.22,아시아경제신문,"""왜 마스크 안 써"" 용인서 아파트 주민이 택배 기사 폭행","용인서부경찰서/사진=연합뉴스[아시아경제 김슬기 인턴기자] 경기 용인의 한 아파트에서 택배 기사들이 마스크를 쓰지 않았다며 이들을 폭행한 30대 남성이 경찰에 붙잡혔다.21일 경기 용인서부경찰서는 상해 혐의로 30대 입주민 A 씨, 폭행 혐의로 택배기사 B 씨를 각각 불구속 입건했다고 밝혔다.A 씨는 지난 7일 오전 9시께 자신이 거주하는 경기 용인시 한 아파트 단지에서 택배기사 B 씨와 함께 일하던 그의 사촌 동생 C 씨에게 주먹을 휘둘러 상해를 입힌 혐의를 받는다.A 씨의 폭행으로 B 씨는 갈비뼈에 금이 가고, C 씨는 코뼈가 부러지는 등 다쳤다.경찰에 따르면 A 씨 측은 ""며칠 전 마스크를 착용하고 있지 않은 B 씨를 향해 '마스크를 쓰라'고 말하는 과정에서 시비가 붙은 적이 있는데, 사건 당일 또다시 마주쳤고 시비가 붙었다""라며 ""상대방이 먼저 내 몸을 밀치길래 때렸다""고 진술했다.B 씨는 ""짐을 옮기느라 숨이 가빠 마스크를 잠시 벗고 있었다""고 주장한 것으로 전해졌다.경찰은 주변 폐쇄회로(CC)TV를 확인, 말다툼 과정에서 B 씨가 A 씨를 밀치자 A 씨가 주먹으로 B 씨의 얼굴을 가격한 뒤 폭행을 하는 장면이 담긴 영상을 확보했다.또 해당 영상에서는 B 씨와 함께 택배 일을 돕던 B 씨의 동생이 폭행을 말리는 과정에서 A 씨가 무차별 폭행하는 장면도 담겼다.경찰 관계자는 ""두 형제가 아직 진단서를 제출하지 않아 폭행의 정도가 얼마인지 확인하지 못한 상태""라며 ""B 씨가 먼저 밀쳐 폭행이 시작된 만큼 B 씨는 폭행혐의를, A 씨는 2명에게 폭행을 가해 상해 혐의를 각각 적용, 현재 조사 중이다""라고 말했다. 이어 ""다만 양측의 주장이 일부 엇갈리는 부분이 있어 구체적인 내용은 말씀드릴 수 없다""라고 덧붙였다.김슬기 인턴기자 sabiduriakim@asiae.co.kr▶ 2020년 하반기, 재물운·연애운·건강운 체크!▶ 네이버에서 아시아경제 뉴스를 받아보세요 ▶ 놀 준비 되었다면 드루와!  드링킷!<ⓒ경제를 보는 눈, 세계를 보는 창 아시아경제 무단전재 배포금지>"
48,마스크,2020.05.22,매경닷컴,"""무책임한 행동"" vs ""중장년도 No마스크""…세대갈등 우려↑","[사진 = 연합뉴스] 이태원 클럽발 코로나19 신규확진자가 늘어나면서 청년층에 대한 불만의 목소리가 높아지고 있다.코로나19에 취약한 어린 자녀가 있거나 중장년 층을 중심으로 이같은 지적이 나오면서 세대간 갈등으로 번지는 양상이다.실제 서울 이태원 클럽 관련 코로나19 확진자는 21일 기준 총 206명이다. 이 중 절반 이상이 접촉자다. 결국 이곳에 다녀온 젊은이들이 전파시켰다는 얘기다. 또 22일에는 경기 안양시 최대번화가인 안영역 인근의 일본식 주점 '자쿠와'에는 지난 3일과 14일, 15일, 17일 등 최근 4차례에 걸쳐 용인 73번 확진자(26·남성)와 군포 33번 확진자(20대 남성)이 다녀갔다.최근 방문했거나 주변을 다녀갔다고 신고한 시민은 1000명이 넘는다. 당시 이들과 함께 술을 마신 안성 3번 확진자(28·남성)와 수원 55번 확진자(20대 남성) 등 현재까지 최소 7명의 확진자가 자쿠와와 연관됐다. 그러나 자쿠와가 있는 6층짜리 건물에는 편의점, 오락실, 고시텔 등이 입점해 있고 건물 주변에는 유동 인구가 많아 신규 확진자는 더 늘어날 가능성이 높다.여기에 최근 코인 노래방에서도 신규 확진자가 나오면서 이들 시설을 주로 방문하는 10~20대들에 대한 비판 여론이 확산하는 추세다. 주요 맘카페만 보더라도 이들에 대한 불만의 글을 쉽게 찾을 수 있다.""젊은 사람은 코로나에 걸려도 쉽게 완치되겠지만 그런 안일함 때문에 약한 사람들이 고생하는 것이 속상하다"" ""오히려 조심해야 할 사람들은 외부 활동이 많은 젊은 사람들인데 이렇게 개념없이 다니면 어떻하나"" ""결국 그런 무책임한 행동때문에 부모에게짜기 전파시키는데 제발 정신 좀 차렸으면 좋겠다"" 등 젊은 사람들을 향한 지적이 잇따르고 있다.또 다른 맘카페에서는 ""코로나19 확진자가 젊은 층이 가장 많은 것만 봐도 이들이 얼마나 무책임한지를 알 수 있다"" "" 더불어 사는 사회에서 제발 행동을 자제해 줬으면 좋겠다"" ""강남, 건대입구 할 것없이 젊은 사람들이 넘쳐나는 것을 보면 정말 겁이 없구나"" 등 역시 이들의 행동에 대한 아쉬움을 토로하는 글들이 속속 눈에 들어오고 있다.하지만 일부 젊은 층의 무책임한 행동을 전부인것처럼 비난하는 것에 대한 반박도 있다.한 네티즌은 ""클럽이나 주점, 노래방에 간 일부가 문제인데 마치 우리 모두가 그런 것처럼 지적하는 것은 정말 속상하다""며 ""대부분이 사회적 거리두기, 마스크 쓰기, 손소독 등 지침을 철저히 지키고 있는 우리로서는 억울하다""고 말했다.이 네티즌은 그러면서 ""지하철을 타면 등산복장을 한 중년층들이 마스크를 안쓰고 떠드는 모습이 쉽게 눈에 들어온다""며 ""특정 층이 문제가 아니라 개개인이 모두 신중하게 접근해야 한다""고 말했다.[디지털뉴스국 이상규 기자]▶네이버 메인에서 '매일경제'를 받아보세요▶매부리TV 구독하고 에어팟프로 득템!! ▶뉴스레터 '매콤달콤' 구독[ⓒ 매일경제 & mk.co.kr, 무단전재 및 재배포 금지]"
49,여행,2020.05.22,뉴스1,"""국내여행에서도 돈 안 쓰겠다""…여행지출 심리 '최악'","컨슈머인사이트, 향후 1년간 여행비 지출의향 조사조사 이래 처음으로 여행지출 '줄일 것'이 '늘릴 것' 앞서향후 1년간 국내여행 지출 의향을 보면 '줄일 것'이라고 답한 응답자가 38%를 기록했다. 컨슈머인사이트 제공(서울=뉴스1) 윤슬빈 여행전문기자 = 국내 여행업계가 신종 코로나바이러스 감염증(코로나19) 세계적 대유행으로 국내여행의 호황기를 기대하고 있지만 국내외를 막론하고 여행 시장 전망이 어둡다는 조사 결과가 나왔다. 22일 여행 전문 조사 기관인 컨슈머인사이트가 지난 1일부터 17일까지 설문조사를 통해 분석한 '주례 여행행태 및 계획조사' 결과에 따르면 소비자들의 여행지출 심리는 최악에 치달은 것으로 나타났다. 해당 '주례 여행행태 및 계획조사'는 지난 2017년부터 매주 500명, 연간 2만6000명을 대상으로 진행하고 있다.  조사 결과를 보면 '1년간 국내여행 지출을 줄일 것'이라는 응답이 38%로 나왔다. 이는 조사시작 이래 가장 높은 수치다. '여행 지출을 늘릴 것'이라는 응답은 27%에 그쳐 최저치를 기록했다(월별 기준). 국내여행 지출 축소 의향이 확대 의향을 앞선 것은 코로나19 사태가 본격화된 지난 3월 이후 처음 나타난 결과로 이 격차는 점점 커지고 있다. '늘릴 것'과 '줄일 것'의 차이를 구하면 2019년에는 '늘릴 것'이 18%p(35%-17%) 높았으나 금년 5월에는 '줄일 것'이 11%p(38%-27%) 많게 역전됐다.해외여행 지출의향해외여행의 경우는 훨씬 더 심하다. 향후 1년간 해외여행 지출을 '줄일 것'이라는 응답은 5월 기준 59%에 달해 코로나19 사태 초기인 지난 1월 24%에 비해 2.5배가량 폭증했다. 반면 '늘릴 것'이라는 응답은 17%에 그쳤다. '늘릴 것'과 '줄일 것'의 차이를 구하면 2019년에는 '늘릴 것'이 15%p(39%-24%) 높았으나 올해 5월에는 '줄일 것'이 42%p(59%-17%) 많게 역전됐다. 조사 기관에 따르면 국내 소비자들의 여행지출 심리는 여행 경기가 최고조에 달했던 2017년 이후 점진적인 하락세를 보여왔다. 고고도 미사일 방어체계(사드) 배치 이후 중국의 한한령 조치부터 헝가리 여객선 침몰, 일본 불매운동 등 여행산업에 악재가 잇따랐고 경기침체에 따른 실물경제 위기감도 끊이지 않았다. 컨슈머인사이트 관계자는 ""지출 축소 의향이 확대 의향을 처음으로 역전했다는 데 심각성이 있으며, 더 심각한 것은 역전의 크기가 관광산업의 존망을 우려할 만큼 크다""며 ""최소한 코로나19 종식 후 산업을 되살릴 불씨만이라도 지켜내는 특단의 조치가 절실하다""고 밝혔다.seulbin@news1.kr▶ 네이버 메인에서 [뉴스1] 구독하기!▶  뉴스1 바로가기 ▶  코로나19 뉴스 © 뉴스1코리아(news1.kr), 무단 전재 및 재배포 금지"
50,여행,2020.05.22,뉴스1,"""국내 관광명소로 신혼여행을""…신라스테이, '허니문'패키지 선봬","지역별 관광자원 활용신라스테이 제주, 해운대, 울산© 뉴스1(호텔신라 제공)(서울=뉴스1) 강성규 기자 = 신라스테이는 '로맨틱 허니문' 패키지를 출시했다고 22일 밝혔다.이번 패키지는 신라스테이 제주·부산·울산 세 곳에서 진행한다. 디럭스 객실 이상의 최상급 객실을 제공하고 로맨틱한 분위기에 빠질 수 없는 와인세트는 물론 조식 및 여행의 피곤함을 푸는데 좋은 입욕제, 마스크 팩 등이 담긴 다양한 상품을 선물로 제공한다.특히 '로맨틱 허니문' 패키지는 코로나19 사태로 주춤해진 지역경제를 신혼여행상품이라는 테마로 기획해 다시 활성화하는 데 도움을 줄 것으로 기대된다.실제 이번 패키지를 진행하는 세 곳 모두 유명관광지가 많은 곳이다. 신라스테이 제주는 차량으로 20분 이내 거리 용두암, 이호테우해변, 한라수목원 등 제주 관광 명소가 밀집해있다.울산에는 국가정원으로 지정된 태화강 공원을 비롯 선암호수공원, 일출 명소인 간절곳 등이 있다. 해운대는 해운대 해수욕장, 송정 해수욕장 등 넓게 펼쳐진 바닷가와 함께 달맞이길, 동백섬, 해동 용궁사 등 유명 관광지가 즐비하다.이외에 신라스테이 해운대는 신혼부부뿐만 아니라 결혼기념일을 맞은 부부들에게 로맨틱한 추억을 선사할 수 있는 콘셉트를 추가한 '웨딩 기념일'(Wedding Anniversary) 패키지도 선보인다. 신라스테이 울산은 '로맨틱 웨딩 데이'(Romantic Wedding Day) 패키지다. 패키지 이용고객은 체크인시 청접장(모바일 청첩장)이나 결혼 사진 중 한가지를 제시해 부부임을 확인하면 된다. 이용기간은 12월 31일까지다.sgkk@news1.kr▶ 네이버 메인에서 [뉴스1] 구독하기!▶  뉴스1 바로가기 ▶  코로나19 뉴스 © 뉴스1코리아(news1.kr), 무단 전재 및 재배포 금지"
51,여행,2020.05.22,연합뉴스,"이베이코리아 ""빅스마일데이 누적 1천만개 판매…여행상품 인기""","[이베이코리아 제공, 재판매 및 DB금지]    (서울=연합뉴스) 황희경 기자 = 이베이코리아는 옥션과 G마켓, G9에서 진행하는 할인 행사인 '빅스마일데이'에서 행사 시작 3일차에 누적 1천만개 상품을 판매했다고 22일 밝혔다.    이베이코리아는 ""지난해 5월 행사 때와 비교하면 약 3시간 일찍 1천만개를 판매한 것""이라면서 ""이는 2017년 빅스마일데이 행사를 시작한 이후 최단 시간 기록""이라고 설명했다.     G마켓과 옥션에서 삼성 갤럭시북 이온은 22억4천만원의 매출을 기록했고 로보락 로봇청소기는 G마켓에서만 10억6천만원어치가 판매됐다.     신종 코로나바이러스 감염증(코로나19) 사태로 그동안 판매가 부진했던 여행 상품도 많이 팔렸다.    G마켓과 옥션에서는 제주 신라호텔 상품이 9억3천만원, 소노 호텔 & 리조트 상품이 5억9천만원, 롯데호텔 제주 상품은 4억1천만원어치 판매됐다.    이베이코리아는 ""곧 다가올 여름 휴가지로 비교적 안전한 국내에서 호캉스(호텔과 바캉스의 합성어)를 즐기려는 수요가 있는 것으로 보인다""고 분석했다.    빅스마일데이는 이베이코리아가 운영하는 세 개 쇼핑몰에서 1년에 두 차례 여는 할인행사로, 상반기 행사는 27일까지 계속된다.    zitrone@yna.co.kr▶코로나19 속보는 네이버 연합뉴스에서 [구독 클릭]▶[팩트체크] 재난지원금 총정리▶제보하기"
52,여행,2020.05.22,financial news,저 길모퉁이 끝엔 뭐가 있을까.. 자꾸만 빠져드는 골목여행,"추억이 담긴 골목은 사람들의 마음을 늘 설레게 한다. 투박한 길모퉁이에서 마주하는 풍경은 푸근하고 정겨운 느낌까지 들게 만든다. 때로는 활기찬 공간으로 거듭나 숨겨진 매력을 뽐낸다. 저마다의 향기와 특색을 지닌 골목 곳곳을 거닐다 보면 생각지 못한 즐거움을 만난다. 한국관광공사는 지역의 독특한 매력을 느낄 수 있는 '이색 골목 여행지' 5곳을 이달의 가볼만한 곳으로 선정했다. 전 국민적인 노력으로 코로나19의 확산세가 많이 둔화됐지만, 해당 지역을 방문하기 전 관광지 개방 여부, 개방시간, 관람방법 등 세부정보를 미리 체크해보는 게 좋다. 또 한국관광공사에서는 '생활 속 거리두기'에 따른 여행 경로별 안전여행 가이드를 제작, 대한민국 구석구석 누리집 내 안전여행 페이지를 통해 소개하고 있으니 여행 전에 꼭 확인하자.    경기도 여주한글시장 벽화골목■세종대왕과 함께 떠나는 골목 여행, 여주한글시장  경기 여주한글시장에는 이색 벽화골목이 있다. 이곳은 세종대왕 탄생부터 즉위, 업적 등을 재미있게 그려놓은 곳이다. 아기자기한 벽화를 구경하며 세종대왕의 삶과 업적을 더듬어본다. 또한 말뚝박기 같은 추억의 놀이를 담은 벽화도 있어 가족끼리 이야기꽃을 피우기 좋다. 생활문화전시관 '여주두지'는 여주 주민에게 들은 이야기와 채집한 물건을 전시한 공간으로, 소소하지만 따스한 사연을 만날 수 있다. 여주한글시장에는 소년 세종 동상과 인자해 보이는 세종대왕 동상이 있어 포토존으로 인기다. 포토존 부근에서 한글빵을 판다. 빵 위에 자음이 찍힌 찹쌀빵으로 달콤하고 쫀득하다. 시장의 또 다른 재미는 한글을 발견하는 일이다. 바닥에 훈민정음이 새겨졌고, 하늘에 알록달록한 한글 작품이 걸렸다. 밤이 되면 루체비스타 조명 시설에 불이 들어와 색다르다. 북벌 개혁을 시도한 효종대왕이 잠든 여주 영릉(寧陵)과 남한강 풍광이 고즈넉한 여주보도 가깝다. 물시계인 자격루에서 아이디어를 얻은 보 기둥과 해시계인 앙부일구를 형상화한 세종광장이 독특하다.    산수화 같은 풍경 속을 달리는 강원도 원주 레일바이크■길을 잃어도 괜찮아, 원주 미로예술시장  미로처럼 이어지는 골목을 따라 개성 있는 상점이 늘어선 미로예술시장은 강원도 원주중앙시장 2층에 위치한다. 원주중앙시장은 1970년 건립한 2층짜리 철근콘크리트 건물을 재건축 없이 지금까지 사용하고 있다. 1층에 비해 상대적으로 접근성이 떨어져 방치된 2층이 2010년대 들어 문화 관광형 시장과 청년몰 사업 등에 선정되면서 달라졌다. 공방과 카페, 문화 공간이 어우러져 뉴트로 분위기가 풍기는 시장으로 재탄생했다. 시장은 중앙광장을 중심으로 4개 동으로 나뉜다. 각 동은 색깔이 조금씩 다르다. 가동은 오래된 양복점이나 금은방이 눈에 띄고, 다동은 체험 공간이 다양하다. 나동은 2019년 발생한 화재로 현재까지 대부분 영업을 못 하는 상태다. 벽화, 조형물, 일회용 카메라 자동판매기 등 골목 곳곳에 숨은 재미를 찾아보자. 원주레일파크 역시 버려진 공간을 활용한 명소다. 걷기를 좋아한다면 치악산 자락을 따라 걷는 치악산둘레길을 추천한다. 현재 3개 코스를 개통했다. 치악산까지 갔다면 원주8경 가운데 첫손에 꼽히는 구룡사도 들러보자.    충남 당진 면천읍성 성안마을■시간을 되짚어 만나는 뉴트로 감성, 당진면천읍성 성안마을  충남 당진시 면천면 성상리 일대는 '성안마을'로 불린다. 당진면천읍성(충남기념물 91호) 안에 터 잡은 마을이기 때문이다. 순천 낙안읍성(사적 302호)과 청주 상당산성(사적 212호) 마을이 우리나라 대표 성안마을로 꼽히는데, 당진면천읍성 성안마을은 분위기가 다르다. 성안엔 상당산성처럼 번듯한 식당도, 낙안읍성처럼 예스러운 초가도 없다. 대신 손때 묻은 집과 소박한 식당, 이발소, 전파상 등이 골목골목을 채운다. 시곗바늘을 반세기 정도 거꾸로 돌린 듯한 풍경은 무뚝뚝한 충청도 사내처럼 속깊은 정이 느껴진다. 옛 면천우체국을 리모델링한 '면천읍성안 그 미술관'과 동네 책방 '오래된 미래', 책방과 나란히 자리한 '진달래상회'는 이곳을 감성 여행지로 만든 주역이다. 당진면천읍성 성안마을의 따뜻한 감성을 잇는 아미미술관, 해돋이와 해넘이를 함께 만나는 왜목마을, 실제 전투함과 구축함 안팎을 다양한 전시 공간으로 꾸민 당진항만관광공사(옛 삽교호함상공원)도 당진으로 떠나는 여행길에 놓쳐선 안 될 곳이다.    전남 여수 고소동 천사벽화골목 계단■원도심의 정겨움 간직한 곳, 여수 고소동 천사벽화골목  오래된 자연부락인 고소동은 전남 여수를 대표하는 벽화마을이다. 지난 2012년 여수엑스포를 계기로 주민과 여수시가 힘을 합쳐 낙후된 달동네를 벽화마을로 변신시켰다. 진남관에서 출발해 고소동을 거쳐 여수해양공원까지 거리가 1004m에 이르러 천사벽화골목으로 불렀다. 현재 총길이 1115m, 9개 구간으로 구성된다. 구불구불한 골목을 걷다보면 이순신 장군을 기리는 여수 통제이공 수군대첩비(보물 571호)와 타루비(보물 1288호), 마실 나온 주민, 바다를 바라보는 카페, 만화가 허영만 화백 작품의 다양한 주인공 등을 만나는 재미가 쏠쏠하다. 모퉁이를 돌 때마다 불쑥불쑥 나타나는 여수 앞바다와 돌산대교, 거북선대교 조망이 일품이다. 고소동 천사벽화골목이 끝나는 지점이 여수해양공원이다. 시원한 바닷바람 맞으며 공원을 걷다보면 이순신광장에 닿는다. 내부를 볼 수 있는 거북선 모형과 용 모양 전망대가 있고, 광장에서 쉬는 사람들의 모습이 평화롭다. 여수 여행의 마지막은 야경. 여수 밤바다의 수려한 경관을 즐기기 위한 최고의 포인트는 돌산공원 전망대다.    경남 산청 남사예담촌 담장길■옛담 따라 흐르는 고고한 선비 정신, 산청 남사예담촌  경남 산청 남사예담촌은 우리나라의 대표적인 고가(古家) 마을로, 황톳빛 담장과 고택이 어우러져 골목마다 옛 정취가 잔잔히 배어난다. 산청남사리이씨고가(경남문화재자료 118호)에서는 전형적인 사대부 가옥 구조와 음양의 조화를 꾀한 선조의 지혜를 엿볼 수 있으며, 유교 전통이 깃든 산청남사리최씨고가(경남문화재자료 117호)와 사양정사(경남문화재자료 453호)도 눈에 띈다. 하씨고가에는 산청 삼매 중 하나인 원정매가 있다. 마을을 휘감아 흐르는 사수천(남사천)을 건너면 국악계의 큰 별로 꼽히는 박헌봉 선생을 기념한 기산국악당, 백의종군하는 이순신 장군이 묵어갔다는 산청 이사재(경남문화재자료 328호), 유림독립기념관까지 두루 다녀올 수 있다. 남사예담촌은 느린 걸음으로 천천히 둘러보기를 권한다. 산청 조식 유적(사적 305호)과 성철 스님 생가터에 세운 사찰 겁외사(劫外寺)도 남사예담촌과 한 코스로 짜기 좋다.      yccho@fnnews.com 조용철 기자   ▶ 헉! 소리나는 스!토리 뉴스 [헉스]▶ '아는 척'하고 싶은 당신을 위한 [두유노우]  ※ 저작권자 ⓒ 파이낸셜뉴스. 무단 전재-재배포 금지"
53,여행,2020.05.22,JTBC,"[뉴스체크｜정치] 정부, 세계 여행주의보 또 연장","동영상 뉴스       1. 문희상 의장, 박근혜 사면 언급문희상 국회 의장이 어제(21일) 퇴임 기자 간담회에서 박근혜 전 대통령의 '사면' 문제를 언급했습니다. 문재인 대통령의 남은 임기 국정운영 방향에 대해 과감하게 통합의 방향으로 전환해야 한다며 사면을 겁내지 않아도 될 시간이 됐다고 말했습니다. 다만 사면을 하라는 것은 아니라며 판단은 대통령의 고유 권한이라고 덧붙였습니다.2. ""문 대통령, 남북 협력 밀고 갈 것""문재인 대통령이 지난달 현실적이고 실천적인 남북 협력의 길을 찾겠다고 언급한 가운데 임종석 전 대통령 비서실장이 바로 지금이 남북 정상의 일상적인 만남이 필요한 때라고 밝혔습니다. 올해도 북미 간에 진전이 없다면 문 대통령이 미국과 충분히 소통하돼 부정적인 견해가 있어도 일을 만들고 밀고 가려고 할 것이라고 전망했습니다.3. 정부, 세계 여행주의보 또 연장정부가 전 세계 국가에 발령한 특별 여행 주의보를 다음달 19일까지 더 연장하기로 했습니다. 지난 3월 세계 보건기구 WHO의 팬데믹 선언 이후 특별 여행 주의보를 처음 내렸고 지난달 추가 연장했습니다.이정헌 기자 (lee.jeongheon@joongang.co.kr)▶전두환 회고록 뒤집는 계엄군 대대장의 증언▶시청자와 함께! JTBC 뉴스 제보하기Copyright by JTBC(http://jtbc.joins.com) All Rights Reserved. 무단 전재 및 재배포 금지"
54,여행,2020.05.22,SBS CNBC,"정부, ‘전 세계 특별여행주의보’ 내달 19일까지 연장","정부가 코로나19 확산으로 인해 전 세계를 대상으로 발령한 특별여행주의보를 또 연장했습니다.외교부는 ""우리 국민의 전 국가와 지역 해외여행에 대해 3월 23일부로 발령한 특별여행주의보를 6월 19일까지 연장한다""고 밝혔습니다.특별여행주의보는 여행경보 2단계인 여행자제 이상과 3단계인 철수권고 이하에 준하며 외교부는 지난달 21일 이미 한 차례 특별여행주의보를 연장했습니다.정인아 기자(ina@sbs.co.kr) ▶ 언제어디서나 SBSCNBC  [온에어click]▶ 경제를 실험한다~ 머니랩 [네이버TV]저작권자 SBS미디어넷 & SBS I&M; 무단전재-재배포 금지"
55,여행,2020.05.22,Joins.com,"[여행썰명서] 돌려 쓰고, 나눠 먹고… 호텔 뷔페는 안전할까?","한옥 호텔 경원재 앰배서더 인천의 조식 뷔페에는 다양한 한식이 깔린다. 대표 메뉴는 갖은 나물을 넣고 비벼먹는 '강된장 나물 비빔밥'이다. [사진 경원재 앰배서더 인천]           호텔의 기본은 B&B;(Bed&Breakfast;)다. 잘 자고 잘 먹는 게 무엇보다 중요하다. 투숙객 대부분이 호텔에서 아침을 먹기 때문에, 호텔 역시 조식 뷔페에 들이는 공이 막대하다. ‘뭘 먹어야 남는 장사일까’ ‘뷔페는 바이러스로부터 안전할까?’ ‘이런 것까지 주문하면 민폐일까’ 호텔이나 리조트의 조식 뷔페에서 생기는 다양한 궁금증을 풀어봤다.            ━   호텔 뷔페는 바이러스로부터 안전할까?      코로나19 사태 이후 대부분의 호텔과 리조트가 뷔페 운영 매뉴얼을 새로 짰다. 테이블 간격은 넓히고, 접촉은 최대한 줄이는 게 핵심이다. 이를테면 아난티 남해의 뷔페 레스토랑에서는 집게·롱스푼 등의 뷔페 집기를 30분마다 교체한다. 고객에게는 마스크와 비닐장갑을 착용해야만 음식을 이용할 수 있다고 안내한다. 그랜드 워커힐 서울은 좌석을 50석가량 줄였다. 각 테이블에 아예 위생 비닐장갑을 비치해, 음식을 뜨러 갈 때마다 장갑을 사용하고 버릴 수 있도록 하고 있다.       ━   뷔페 음식 싸 가도 되나?      No. 안 되는 걸 누구나 알기에 요즘은 뷔페 음식 싸 달라는 요청이 거의 없다. 다만 몰래 음식을 가져가는 경우는 여전히 존재한다. 요구르트·빵·비스킷·사과·바나나·잼 등 보관이 용이하고, 주머니에 쏙 들어가는 크기의 먹거리가 주요 타깃이다. 원칙적으로 호텔은 모든 음식의 반출을 막고 있다. 자칫 음식이 변질해 식중독을 유발할 수 있어 금지한다는 게 호텔의 설명이다.      ━   커피 테이크아웃 정도는 괜찮지 않을까?      괜찮지 않다. 먹거리 위생 문제를 따지기 전에 아예 종이컵 자체를 두지 않는 호텔이 많다. 텀블러를 가져가면 커피와 티 같은 음료를 담아주는 경우도 간혹 있지만, 대개의 호텔은 어떤 음료도 테이크아웃해주지 않는다.     ━   조식 대신 도시락 테이크아웃?      노보텔 앰배서더 동대문에선 급한 일로 조식을 놓치게 된 투숙객을 위해 도시락을 제공한다. [사진 노보텔 앰배서더 동대문]           급한 일로 조식을 먹지 못하고 떠나야 하는데, 방법이 없을까? 일단 호텔에 문의해보시라. 환불은 불가능하지만, 조식 대신 간편식을 포장해주는 호텔이 더러 있다. 노보텔 앰배서더 동대문은 조식이 포함된 객실의 투숙객이 전날 요청할 경우 빵·요구르트·과일·커피 등으로 구성된 도시락을 준비해준다. 르 메르디앙 서울도 크루아상과 커피를 포장해준다.       ━   뭘 먹어야 남는 장사인가?      ‘많이 먹기’ ‘비싼 거만 골라 담기’ 뷔페 식사의 불문율이다. 그래야 본전 생각이 덜하다. 한데 조식 뷔페에선 전략을 달리해야 한다. 아무리 특급호텔이어도 조식 뷔페에 한우·양고기·대게·참돔 같은 고가 메뉴를 두지는 않는다. 그래 봐야 육류는 불고기, 어류는 훈제 연어 정도다. 각 호텔의 시그니처 메뉴나 지역 특산물을 공략하는 게 되레 만족도가 높다     ━   그럼 뭘 먹으면 되나?      롯데호텔서울의 ‘르 살롱’의 와플. 평일 아침 8시 40분에 갓 구운 와플을 테이블로 직접 가져다준다. [사진 롯데호텔]           단순한 음식에서 주방 실력이 드러난다. 신라호텔 ‘더 파크뷰’ 조식 뷔페에선 크루아상이 의외의 인기 메뉴다. 호텔 제빵사가 갓 구워 내 고소한 풍미와 촉촉한 식감이 제대로 살아있단다. 롯데호텔서울의 ‘르 살롱’은 와플 맛집으로 통한다. 미슐랭 3스타 라 페르골라(La Pergola) 출신의 이탈리안 셰프가 직접 와플을 굽는다. 평일 아침 8시 40분 갓 구운 빵을 테이블로 직접 가져다준다.       휘닉스 제주는 제주도 토속 음식인 고기국수와 소라죽이 대표 메뉴고, 한옥 호텔 경원재 앰배서더의 시그니처 메뉴는 강된장 나물 비빔밥이다. 해비치호텔과 신라호텔에서는 바리스타가 커피를 내린다. 아메리카노·라떼·카푸치노 등의 커피를 선택할 수 있고 ‘진하게’ ‘연하게’도 주문할 수 있다.      ━   컵라면 가져가서 먹어도 될까?      외부 음식은 반입 금지다. 좋은 음식 놔두고 뷔페에서 컵라면 까려는 사람이 있다면 뜯어 말리시라. 호텔 규정에도 어긋나고, 테이블 매너에도 어울리지 않는다. 예외도 있다. 아이를 위한 간식이나 이유식은 반입에 문제가 없다.      ━   에그 베네딕트를 해준다고?      서울 웨스틴조선호텔 '아리아'에서는 조식 때 에그 베네딕트를 즉석에서 조리해준다. [사진 신세계조선호텔]           즉석 계란 요리를 받을 수 있는 라이브 섹션. 보통 프라이나, 스크램블 에그 정도만 주문하는 경우가 대다수인데, 생각보다 다양한 계란 요리를 주문할 수 있다. 베이컨·취즈 등 취향대로 토핑을 올린 오믈렛은 어떤가. 서울 웨스틴조선호텔의 ‘아리아’, 르 메르디앙 서울의 ‘셰프 팔레트’, 롯데호텔서울의 ‘르 살롱’ 등에서는 요즘 핫한 브런치 메뉴인 에그 베네딕트도 조리해준다.     ━   여기서 이러시면 곤란합니다      객실 슬리퍼, 목욕 가운 차림으로 조식을 먹으러 갔다간 입장을 거부당할 수 있다. 눈 뜨자마자 조식 뷔페로 직행하는 사람들이 종종 저지르는 실수다.        백종현 기자 baek.jonghyun@joongang.co.kr    ▶ 그래서, 팩트가 뭐야? 궁금하면 '팩플'▶ 내 돈 관리는 '그게머니' / 중앙일보 가기ⓒ중앙일보(https://joongang.co.kr), 무단 전재 및 재배포 금지"
56,여행,2020.05.22,뉴스1,[여행 신간] 발로 더듬어 마음으로 새긴 길들…'걷는 자의 기쁨',"(서울=뉴스1) 윤슬빈 여행전문기자 = 20여 년 전 우연히 남한강 걷기를 접한 후 '걷기'의 매혹에 빠진 자유(도보) 여행자인 저자가 그동안 걸었던 수많은 길 가운데 35곳의 길을 책 안에 정성스레 담았다. 저자는 봄, 여름, 가을, 겨울을 스무 번이나 지나치며 두 발로 뚜벅뚜벅 이 땅의 산길과 바닷길, 섬길, 숲길, 강길, 고갯길들을 걸어왔다.최소한 같은 길을 세 번 이상 걸으며 저자는 알게 됐다. 그 계절에만 느낄 수 있는 자연의 감춰지지 않은 오롯한 절경과 때 묻지 않은 비경을 제대로 보여주는 길이 가장 좋은 걷기 길이라고. 봄이면 해남 달마고도와 고창 선운사, 경북 울릉도, 양동 양산 8경이 절경이고, 여름이면 정선 덕산기계곡과 울진 십이령길과 안동 녀던길이 최고였다. 가을 길엔 정선 새비재길과 인제 곰배령, 장성 백양사, 신두리 해안사구의 단풍과 갈대가 최적이며, 겨울 길엔 원대리 자작나무 숲과 태백 함백산, 대관령 눈꽃마을길이 그 계절을 고스란히 보여줬다.책엔 도보여행가만이 얘기할 수 있는 현장의 언어와 그곳에서 만났던 사람들 간의 이야기가 전해진다. 여기에 길 여정의 서정과 풍취를 제대로 느끼게 하는 시인묵객들의 한시와 정지용, 김소월, 서정주, 백석의 시어들을 여정을 갈무리하며, 아름다운 자연의 무늬로 기억될 수 있는 운치 있는 여백을 남긴다. ◇걷는자의 기쁨 / 박성기 지음 / 마인드큐브 펴냄 / 1만8000원seulbin@news1.kr▶ 네이버 메인에서 [뉴스1] 구독하기!▶  뉴스1 바로가기 ▶  코로나19 뉴스 © 뉴스1코리아(news1.kr), 무단 전재 및 재배포 금지"
57,여행,2020.05.22,노컷뉴스,"배달원된 여행사 사장님…관광업계, 여름성수기도 '먹구름' 전망","[대구CBS 류연정 기자]""언제까지 마냥 수입 없이 버틸 수만은 없어서 배달을 시작하게 됐어요. 직원들은 전부 고용지원금 받아 휴직시켰는데 사장인 저는 먹고 살 길이 없더라구요""대구에서 소규모 여행사를 운영하는 A대표는 코로나19로 경영 위기에 내몰리자 배달원이 되기로 결심했다. 오토바이를 타고 다니며 음식 배달을 한 지 벌써 한 달 반째. 경영난을 극복하고 다시 사무실 문 열기를 손꼽아 기다리고 있지만 아직은 가능성 없는 얘기라고 한다.A대표는 ""우리는 중국 전담 여행사였는데 2,3월 수백명의 중국인 단체 관광객들 방문이 취소된 뒤로 문을 닫게 됐어요. 오랜 기간 여행사를 운영해온 만큼 이 힘든 시기를 잘 버텨 다시 문을 여는 게 목푭니다""라고 말했다.한산한 인천국제공항 제1여객터미널 출국장. (자료사진/박종민 기자)쉽게 극복하기 어려워보이는 관광업계 경영난은 코로나19 만큼이나 위협적으로 지역 경제를 옥죄고 있다. 바이러스 확산세가 크게 잦아들었지만 여전히 국내·외에서 산발적 감염이 이어지고 있어 관광은 엄두도 내지 못하는 상황.몇 달째 이런 환경이 이어지면서 수익은 전무하거나 오히려 마이너스까지 떨어진 상태다.대구시와 대구관광협회에 따르면 현재 지역 대부분 여행사들이 대출에 의존하며 업체 존속만 간신히 부지하고 있다.아울러 여행상품이 대체로 국내보다는 해외 여행지에 초점을 맞추고 있어 출국이 가능해지는 시기까지 이 고난이 계속될 것으로 예상되는 만큼, 당장 코앞으로 다가온 여름휴가철에도 아무 기대를 품을 수 없다고 한다.11일 인천국제공항에서 방호복을 입은 이용객이 발걸음을 옮기고 있다. 자료사진=박종민 기자관광업과 밀접한 관련이 있는 항공업계도 상황이 좋지 못한 건 마찬가지다. 그나마 4월부터 제주 노선 운항 수가 코로나19 이전 수준까지 회복했지만 여전히 만회가 어려운 실정이다. 또 코로나19 확산이 잦아들긴 했지만 여전히 조심스러운 분위기 때문에 국내선 이용도 예전만 못한 상황.지난 4월 대구공항 이용객수는 1년 전 대비 87% 줄어든 것으로 나타났다.5월은 월 초 연휴가 있었는데도 불구하고, 하루 평균 대구공항 국내선 이용객 수(17일까지 집계)가 3648명으로 지난해 대비 67%에 그쳤다. 빈 좌석이 곳곳에 남은 채로 운항하고 있는 여객기가 상당수란 얘기다.코로나19 사태 장기화로 외국인 관광객수가 감소하고 있는 가운데 24일 서울 종로구 한복대여점에 임대 현수막이 걸려 있다. 자료사진=박종민 기자더 큰 문제는 이들 업종의 경우 긴급생계자금이나 긴급재난지원금으로 인한 효과가 미치지 않아 위기를 타개할 방안이 마땅치 않다는 데 있다.결국 이들이 살아날 길은 해외와의 교류가 가능할 때까지 버티면서 관광 내수를 진작시키는 것뿐. 업계 관계자들은 단기간 월 몇십만원씩 지원하는 식의 지원만으로는 관광업 종사자들이 버틸 수 없다고 입을 모았다.이들은 프랑스가 관광산업과 관련해 대규모 공적자금을 투입하고 종사자들을 지원하는 것을 예로 들며 정부와 지자체 차원의 적극적 지원이 필요하다고 주장했다. 대구시 관계자는 ""아직은 이르지만 하반기 상황이 안정되면 각종 캠페인, 이벤트를 통해 관광업을 활성화 시킬 계획이고 정부 차원의 지원도 기대하고 있다""고 말했다.이와 더불어 코로나19 타격이 가장 컸지만 위기를 잘 넘기고 있는 대구, 경북 이미지를 제고시키고 타 지역민들의 'TK 살리기' 동참을 이끌어내는 것도 과제로 꼽힌다.▶ 코로나19 대유행 관련기사 모음▶ 클릭 한 번이면 노컷뉴스 구독!▶ 보다 나은 세상, 노컷브이와 함께mostv@cbs.co.kr저작권자 © CBS 노컷뉴스 무단전재 및 재배포 금지"
58,여행,2020.05.22,MoneyToday,"서울시, 코로나 위기 여행업체 '인공호흡'…500만원 지원금 받으려면?","[머니투데이 오세중 기자] [여행업체 대표 ""서울시, 최대 업체당 500만원 지원...회생 길 열어준 것""] 그래픽=김지영 디자인기자""사업하는 입장에서는 모든 게 빚인데 서울시 지원금은 회생할 길을 열어준 것입니다. 서울시 지원금은 엑셀레이팅과 마찬가지입니다. 포스트코로나 시즌에 무언가를 준비해야 하는데 시도할 수 있는 동기 부여가 됐습니다""이내희 (주)파로스트래블아티팩스 대표는 2007년 캐나다 오로라관측시설과 국내 총판권 계약을 맺으면서 오로라 관측이라는 독특한 관광상품으로 여행업에 뛰어들었다.이후 여행업에서 마이스(MICE:기업회의·포상관광·컨벤션·전시회)행사까지 사업을 확장하면서 꾸준한 성장세를 보였지만 코로나19(COVID-19)의 직격탄을 피해갈 수 없었다. 여행상품구성에 대한 전략을 고민하던 차였지만 코로나19가 터지고, 미주와 유럽국가의 셧다운(부분폐쇄와 업무정지)과 항공편 자체가 운행되지 않으면서 2월말부터 모든 여행상품 판매도 중단됐다. 올해 여름시즌과 겨울철 특수를 위한 조기예약 판매도 불가능한 상황. 새로운 상품구성은커녕 광고조차 버거웠다. 그러나 이 업체는 서울시의 지원금을 받으면서 포스트코로나를 위한 모바일 예약시스템을 재정비하고, 새로운 상품구성 전략에 대한 온라인 홍보에 나설 힘을 얻었다. 서울시와 서울관광재단의 코로나19 위기극복 프로젝트가 생존에 맞닥뜨린 서울 여행업체에 손을 내밀었다. 이 프로젝트는 포스트코로나 시즌 생존을 위해 업체당 최대 500만원까지 지원하는 사업이다.이 대표는 ""새 시즌 대비를 위해 상품구성, 광고 모든 비용이 걱정이었는데 서울관광재단의 지원금이 새로운 걸 시작할 용기를 줬다""며 ""1000곳을 지원하는 만큼 다른 업체들도 지원을 받아 전단지든 온라인 광고든 새롭게 시작하면 자연스럽게 여행 활성화 분위기 형성에 기여할 것""이라고 희망을 드러냈다. 그는 ""더 나아가 서울시가 실제 새로운 광고와 상품구성으로 포스트코로나 시즌에 예약을 받는 업체에 대해서는 추경을 통해서라도 2차 지원을 하면 좋겠다""며 ""예약이 들어오면 인력이나 상품준비 등 행동계획에 따른 비용이 필요한데 서울시의 지원이 있다면 매출로 이어지는데 순조로울 것""이라고 말했다. 황미정 서울관광재단 산업협력팀장은 ""여행업체의 막대한 피해를 지원하기 위해 꼼꼼하게 살피고 있고, 할 수 있는 것은 다 쏟아붓고 있다""며 ""아직 지원금 수령을 어려워하는 업체들도 많아 안타깝다""고 밝혔다. ━지원금 받는 거 어렵지 않아요...단, 분할청구는 불가━이번 프로젝트는 융자방식이 아닌 직접 사업비 지원이다. 빚이 아니라 현금으로 쏘는 '용돈' 같은 개념이다. 사실상 개점휴업 중인 여행업체가 코로나19 진정 국면 이후 관광시장 회복기를 빠르게 대비할 수 있도록 지원하는 것이다. 인건비와 임대료 등은 대상에서 제외되지만 그 외 신규상품구성 및 홍보전략 등에 다양한 지원을 받을 수 있다. 액수는 최대 500만원이지만, 제출 증빙자료를 500만원을 채울 필요는 없다. 단, 지원금 증빙자료에 제출한 금액만큼 실비로 지원 받는다. 증빙자료는 세금계산서, 카드영수증 등이 인정된다.  사용금액은 부가세를 제외한 금액 기준이고, 우선 300만원 신청하고 이후 200만원을 추가로 신청하는 등의 분할 청구는 안 된다. 해외사용분에 대해서도 지출 증빙을 해주면 해당 금액만큼 받을 수 있다. ━콜센터까지 꾸린 서울관광재단...""여행업체 고통 온 몸으로 느껴요""━사진=서울관광재단 제공줄도산 위기에 있는 여행업체를 살리기 위해 서울시와 서울관광재단은 총력지원체제에 나섰다. 인바운드 관광에 한정됐던 메르스·사드 사태 때와 달리 인·아웃바운드 및 국내관광 시장이 동시에 위기에 처했기 때문이다. 실제 코로나19가 장기화되면서 서울소재 관광사업체 1만1561개 중 74%를 차지하고 있는 여행업체 8518개가 신음하고 있다. 이에 서울관광재단은 지원금 1차 신청 접수의 문턱을 2차에서는 대폭 낮췄다. 특히 서울관광재단의 사무실 하나를 비워 자체 콜센터까지 꾸리면서 여행업체 고충 처리에 돌입했다. 벌써 상담건수만 4000건이 넘었다. 콜센터에서 근무한 한 직원은 ""직접 여행사들의 목소리를 들을 수 있어 여행업계의 실정을 잘 이해하는 계기가 됐다""고 말했다. 서울형 여행업 위기극복 프로젝트 포스터./자료=서울관광재단 제공오세중 기자 danoh@mt.co.kr▶줄리아 투자노트▶조 변호사의 가정상담소 ▶머니투데이 구독하기 <저작권자 ⓒ '돈이 보이는 리얼타임 뉴스' 머니투데이, 무단전재 및 재배포 금지>"
59,여행,2020.05.22,edaily,"[여행] 어디가 숲이고, 강인지…신록 춤추는 길에 서다","- 강원도 화천 파로호 산소100리길 라이딩- 연꽃단지~붕어섬~꺼먹다리~화천댐 총 42km- 출발지와 목적지 없는 원 형태로 이어져- 김 훈 작가가 이름 지은 ''숲으로 다리''- 3국의 손을 거쳐 완성한 ''꺼먹다리''강원도 화천의 파로호 산소 100리길 중 백미인 숲으로다리[화천=글·사진 이데일리 강경록 기자] 강원도 깊은 곳에 자리하고 있는 고장, ‘화천’(華川). 빛나고 아름다운 하천이라는 의미다. 병풍처럼 길게 늘어선 산등성이와 그 앞을 유유히 흐르는 북한강. 그리고 반짝이는 파로호가 화천을 대표하는 이미지다. 1944년 화천댐이 만들어지면서 생긴 우리나라 최초의 인공호수 ‘파로호’. 내륙의 바다라 불릴 만큼 큰 규모를 자랑하는 이 호수에 특별한 길이 생겼다. 파로호 산소 100리 길이다. 북한강변을 따라 조성한 길로 대부분 길이 평탄해 누구나 무리 없이 완주할 수 있는 자전거길이자, 걷기 길이다. 호수와 주변 산자락에서 뿜어내는 상쾌한 공기에 가슴이 뻥 뚫리는 길이다.거레리 사랑나무◇북한강변을 따라 강으로, 숲으로 달리다파로호 산소 100리길. 시작점은 이 길의 서쪽 끝인 서오리지 연꽃단지다. 여기서부터 붕어섬~숲으로다리~꺼먹다리~딴산유원지를 거쳐 화천댐까지 이어진다. 총 42km의 짧지 않은 길이다. 정해진 출발지와 목적지가 없는 원 형태로 이어져 있기에 어디에서 시작해도 좋다. 물길을 따라 천천히 걷기에도, 자전거를 타고 원없이 달리기에도 좋다.자전거가 없다면 붕어섬 입구에 있는 자전거 대여소에서 빌릴 수 있다. 1만원을 내고 자전거를 빌리면 반납할 때 ‘화천사랑 상품권’을 내어준다. 화천군 전역에서 사용할 수 있는 상품권이다. 파로호 산소 100리길을 자전거로 신나게 달리고 출출해지면 마을 식당이나 화천 시장에서 상품권을 사용할 수 있다.춘천댐 건설로 섬 아닌 섬이 된 ‘붕어섬’대여소 바로 옆 붕어섬은 춘천댐 건설로 섬 아닌 섬이 된 곳. 월엽편주(수상자전거), 카약, 카누, 레일바이크, 씽씽 카트레일카, 하늘 가르기(집라인), 자전거 등 화천의 자연을 온몸으로 만끽할 수 있는 시설을 갖추고 있다. 말 그대로 지루할 틈 없는 레저 천국이다. 그중 가장 인기 있는 체험은 물 위를 달리는 자전거 월엽편주(月葉片舟)다. ‘달 모양의 작은 조각배’라는 뜻으로, 소설가 이외수가 직접 타보고 이름 붙였다. 씽씽 카트레일카도 많이 찾는다. 코레일에서 운영하는 카트레일카는 페달을 굴러 앞으로 나아가는 레일바이크와 달리 무공해 전기 동력을 이용해 육로와 철길을 동시에 달린다.붕어섬을 나와 연꽃단지로 향한다. 산소길 서쪽 끝인 이 단지까지는 약 8km. 주변 풍경을 즐기는 동안 금세 도착한다. 19만8400㎡ 터에 13만2300㎡ 연밭을 조성했다. 한여름 피어날 연꽃을 상상하며 주변을 둘러보고 온 길로 되짚어간다.자전거 대여소 아래 자전거도로를 따라 동쪽으로 4km 정도 가면 미륵바위를 만난다. 전설에 따르면 조선 후기 이곳에 절이 있었다고 한다. 다섯 개 중 가장 큰 미륵은 높이 170cm, 둘레 130cm다. 나머지 네 개는 작은데, 바위들이 나란히 북한강을 바라보는 형상이다. 화천읍 동촌리에 사는 장씨 선비가 이 바위에 극진한 정성을 들여 과거에 급제하고 양구현감까지 지냈다는 이야기가 전해진다. 소금을 운반하던 선주들이 안전한 귀향과 장사가 잘되기를 바라며 제를 올린 곳이라고도 한다.숲으로다리◇파로호 위를 걸어 숲으로 향하다 ‘숲으로 다리’미륵바위에서 강 건너편을 보면 물 위에 긴 다리가 놓여 있다. 물 위에 뜬 다리다. 강을 건너서 강을 따라 길게 이어진 물 위에 뜬 다리로 접어든다. 이 다리 이름이 ‘숲으로다리’다. 화천에서 만나는 길 중에서 가장 독특한 길이다. 북한강에 떠 있는 부교로, 소설 ‘칼의 노래’ 작가 김훈이 이름을 지었다. 이름대로 숲속 길로 들어간다는 뜻이다. 다리가 끝나는 구간부터 1km 가량 그윽한 숲길이 이어진다. 숲으로다리는 물 위에 뜨는 튜브 형태의 폰툰 보트를 띄우고 그 위에 나무 바닥을 촘촘히 얽어 만들었다. 걸음을 디딜 때마다 물결의 파동이 느껴진다. 강줄기도 워낙 잔잔해 산이 그리는 풍경을 그대로 데칼코마니처럼 반사한다. 숲으로다리한여름엔 짙은 녹음 속을, 가을엔 알록달록한 단풍 속을 유영하듯 걸을 수 있다. 일교차가 큰 봄·가을엔 안개가 짙게 내려앉아 몽환적인 안개 속을 걸을 수도 있다. 다리는 한 걸음 내디딜 때마다 물 위를 걷는 듯한 착각을 불러일으킨다. 조금만 힘차게 발을 떼도 강물의 흔들림이 온몸으로 전해진다. 이곳의 분위기를 제대로 느낄 수 있는 시간은 이른 아침과 해 질 무렵. 특히 물안개 몽글몽글 피어오르는 새벽녘 가장 수려한 경관을 이룬다. 가벼운 산책로 같은 숲이라 자전거를 타고 지날 수도 있고 흙의 온기를 느끼며 걸어가기에도 불편함이 없다.꺼먹다리숲으로 다리를 지나면 꺼먹다리가 나타난다. 꺼먹다리는 화천댐과 화천수력발전소가 생기면서 놓인 다리다. 상판이 검은색 콜타르 목재라서 ‘꺼먹다리’라 불리기 시작했다. 이 다리는 3개국의 손을 거쳐서야 완성했다. 교각은 일제가 세웠고, 광복 이후 러시아(옛 소련)가 철골을 올렸다. 한국전쟁 후 우리의 손으로 상판을 얹어 지금의 모습을 갖췄다. 독특한 이력과 역사성으로, 다리는 등록문화재 제110호로 지정됐다. 까뭇한 다리 곳곳엔 시간의 흔적이 꾹꾹 담겼다. 교각에는 한국전쟁 당시의 포탄과 총알 흔적이 그대로 남아 발걸음을 무겁게 한다. 상처를 입고 말없이 흐르는 강물을 바라보면서 있는 모습에 진한 애잔함이 느껴진다.여기서 섬 같이 홀로 뚝 떨어진 ‘딴산’도 그리 멀지 않다. 실제로는 높이가 165m에 불과해 산보다는 아담한 동산에 가깝다. 주말이면 인공폭포가 바위벽을 타고 쏟아지는 모습을 보려는 이들로 북적인다. 특히 산 앞쪽 개울은 폭이 넓고 수심이 낮아 물놀이와 낚시를 즐기고 싶은 이들도 많이 찾는다.국제평화아트파크◇여행메모▲가는길=  춘천고속도로로 춘천을 딛고 가는 게 빠르다. 서울∼춘천고속도로 춘천갈림목에서 중앙고속도로로 갈아타고 춘천나들목으로 나간다. 46번 국도를 따라 소양6교를 건너 간척사거리까지 가서 화천 오음 방면으로 좌회전한다. 오음사거리에서 다시 화천 방면으로 좌회전, 간동면사무소와 파로호관광지를 지나 대붕교를 건너면 화천읍이다. ▲먹을거리= 직접 만든 두부를 재료로 한정식을 차려 내는 ‘콩사랑’이나 새콤한 닭육수에 닭고기를 찢어넣고 먹다가 막국수를 말아먹는 초계탕으로 이름을 날리는 ‘평양막국수’가 화천에서 이름난 식당들이다. 용화산 자락의 하남면 삼화리에서 닭찜과 삼겹살 등을 내는 용화산가든도 추천할 만한 곳이다.강경록 (rock@edaily.co.kr)네이버에서 ‘이데일리’ 구독하기▶청춘뉘우스~ 스냅타임▶＜ⓒ종합 경제정보 미디어 이데일리 - 무단전재 & 재배포 금지＞"
60,여행,2020.05.22,financial news,바다·치킨·카페·맛집…빅데이터로 본 제주여행 ‘유유자적’,"제주관광공사, 관광객 이동패턴 분석…핫플레이스 8곳 선정함덕해변과 성산일출봉·섭지코지 ‘으뜸’…""머무는 관광 대세"" 제주시 구좌읍 월정리 해변 [사진=제주관광공사] [제주=좌승훈 기자] 제주도 여행이 유명 관광지 경유형에서 특정지역에 머무르는 체류형으로 바뀌고 있다. 렌터카 타고 휘리릭 섬 한바퀴는 옛말이다. 느림과 삻의 쉼표가 있는 유유자적한 여행이 대세를 이루고 있다.   제주관광공사(사장 박홍배)는 21일 홍콩폴리텍대학교 박상원 교수 연구팀에 의뢰해 진행한 ‘제주방문관광객 이동패턴 빅데이터 분석’ 결과를 발표한 가운데, 제주여행 행태가 종래 주요 관광지를 돌아다녔던 것에서 특정지역에 머무르는 여행으로 변화하고 있는 것으로 파악됐다.   이번 분석은 지난 2019년 6월부터 12월까지 제주도에서 네비게이션을 사용한 관광객 846만명의 데이터를 활용해 이뤄졌다.    제주시 한림읍 협재해변 [사진=제주관광공사] 분석 결과 ▷제주국제공항 주변 ▷함덕해변 ▷성산일출봉·섭지코지 ▷표선해변 ▷서귀포 옛 시가지 ▷중문관광단지 ▷협재-금릉해변 ▷곽지-한담해변 등 제주 여행에서 많이 머무는 8개의 클러스터(핫플레이스)가 도출됐다.   또 클러스터마다 차이는 있지만, 관광객들은 렌터카와 공항·숙소 등의 카테고리를 제외하면 대부분 바다와 치킨·카페·맛집 등을 검색하는 것으로 나타났다.   이는 종래 유명 관광지를 부지런히 경유하던 여행행태에서 벗어나 바다를 중심으로 특정지역을 선택한 후 해당 지역의 맛집이나 카페에서 여유를 즐기는 체류형 여행행태로 변화하고 있음을 보여준다.   실제로 클러스터 외부에서 유입된 관광객(평균 33%)보다 클러스터 내부에서 이동한 관광객(평균 67%) 비율이 상대적으로 높게 나타났다.  제주시 애월읍 한담해변 [사진=제주관광공사] 다만 이번 분석은 하루를 기준으로 한 것이어서, 제주여행 내내 클러스터에만 머무는지는 명확하지 않다.   클러스터 외부에서 유입된 비율이 상대적으로 높은 지역은 함덕해변(46%)과 곽지-한담해변(49%) 등 제주시 동지역과 인접한 곳이었다.   연구팀은 분석 결과를 토대로 정책 제언을 통해 ”관광상품 개발을 위해 목표시장을 광범위하게 맞추는 것이 아니라, 각각의 핫플레이스 내에서 움직이는 관광객을 겨냥한 맞춤형 상품 개발이 중요하다“고 강조했다. 또 “관광객들이 많이 머무는 8개 핫플레이스는 모두 해안가 위주”라며 “중산간 지역과 기존 핫플레이스를 연계하는 개발 방안을 모색해야 한다”고 제언했다.   공사 측은 이에 대해 ""복잡하고 다양한 관광객의 이동 속에서도 유의미한 패턴이 발견됐다""며 ""이번 연구를 기반으로 내년까지 2단계 사업인 데이터 기반 관광 추천 서비스를 구현하고 관광서비스 플랫폼 구축 사업을 추진할 계획""이라고 밝혔다.  jpen21@fnnews.com 좌승훈 기자   ▶ 헉! 소리나는 스!토리 뉴스 [헉스]▶ '아는 척'하고 싶은 당신을 위한 [두유노우]  ※ 저작권자 ⓒ 파이낸셜뉴스. 무단 전재-재배포 금지"
61,여행,2020.05.22,donga.com,서울에서 프랑스 감성을[동아백년 파랑새의 여행],"서울 한복판에서 즐기는 프랑스 감성 여행. 19세기 프랑스 문화의 우아함과 섬세함을 담은 서울 중구 ‘레스케이프 호텔’을 다녀왔습니다. 라운지 카페 벽면을 가득 채운 푸른 잎사귀, 은은한 조명 아래 앉아있는 새들의 모습은 아늑한 정원의 정취를 느끼게 합니다. 파리지앵 감각의 공간에서 일상의 탈출을 경험해 보세요. 홍진환 기자 jean@donga.com ▶ 네이버에서 [동아일보] 채널 구독하기▶ 집 볼 때 쓰는 메모장 '집보장'ⓒ 동아일보 & donga.com, 무단 전재 및 재배포 금지"
62,여행,2020.05.22,세계닷컴,“집콕족들 스트레스 싹∼” 이곳으로 ‘힐링 여행’ 오세요,"롯데월드타워·월드몰, 고객 위한 다채로운 행사 준비 / 답답했던 아이들 오감 자극 체험 / 쇼핑몰 4층 키즈존에 매장 마련 / 스파이더맨 등 캐릭터 포토존도 / 호텔서 1박 하며 달콤한 휴식 / 신혼부부 위한 패키지 선보여 / 면세점선 해외 유명 브랜드 세일 / ‘스누피’ 전시도 2개월 만에 재개 / ‘고보라이트 쇼’ 등 볼거리 풍성 / 상시 방역 소독… 고객맞이 만전롯데월드타워와 롯데월드몰이 ‘코로나19’ 확산 이후 사회적 거리두기로 외출을 자제해온 고객을 위해 다양한 힐링 기회를 준비했다. 아이들을 위해 ‘오감 자극 매장’을 새롭게 선보이는가 하면 신혼부부와 가족을 위한 다채로운 프로모션을 준비했다. 가족·연인들을 위한 전시와 공연도 특별함을 선사한다. 롯데월드타워와 몰은 고객들이 안전한 방문이 될 수 있도록 단지 전체 생활방역 지침을 준수하고 있다. 매일 6회(주간 4회, 야간 2회) 정기 소독을 시행하고 있으며, 개별 매장도 상시 소독을 하고 있다. 타워와 몰에 출근하는 직원들도 매일 출근 시 체온측정을 측정해 건강상태를 확인하고, 감염예방 안내방송을 주기적으로 방송하고 있다.     롯데월드타워는 한국관광공사 ‘야간관광 100선’에 선정된 서울스카이 전망대, 석촌호수와 함께 야간관광 활성화를 위해 매일 오후 7시30분부터 10시까지 에비뉴엘 브릿지에서 형형색색의 고보라이트 쇼를 선보인다. 롯데물산 제공    ◆아이들 위한 오감 체험 매장 오픈  롯데월드몰은 쇼핑몰 4층 키즈존에 오감 자극 매장을 마련했다. 집에서 답답했을 아이들이 만지고 뛰어놀면서 체험할 수 있는 공간이다. 아이 돌봄 서비스를 제공하는 ‘째깍악어’는 도시농부 클래스, 오감 클래스, 드로잉 클래스 등 다양한 체험을 할 수 있는 국내 최초 오프라인 매장이다.  익스트림 실내 놀이터 ‘챔피언 더 블랙벨트’에서는 5∼6세부터 초등학교 고학년까지 로프와 슬라이드를 이용해 와일드한 놀이를 할 수 있다. 지하 1층 ‘타미야 프라모델 팩토리’에서는 프라모델과 미니카 구매는 물론 직접 레이싱을 즐길 수 있다.  롯데월드 서울스카이 팝 히어로즈 스토어에서는 아이언맨과 스파이더맨 포토존을 설치하고, 서울스카이에서만 구매할 수 있는 한정판 피규어 외에도 다양한 캐릭터 피규어를 판매한다. 롯데월드 아쿠아리움은 해양동물을 치료하는 수의사 직업 체험존 ‘동물병원’을 새롭게 오픈해 방문한 아이들이 지도강사와 함께 일일 수의사 체험이 가능하다.    ◆5월, 신혼부부와 가족을 위한 행사 풍성  롯데월드타워 시그니엘서울 호텔은 초고층에서 서울 시내를 한눈에 내려다보며 신혼여행을 즐길 수 있는 ‘Romantic Getaway(로맨틱 겟어웨이)’ 패키지를 출시했다. 시그니엘 프리미어 시티뷰 1박, 시그니엘서울 내 어디에서나 자유롭게 사용할 수 있는 50만원 상당의 크레딧(Credit), 신혼에 달콤함을 더해줄 케이크와 샴페인, 레이트 체크아웃(오후 6시) 혜택 등을 제공한다. 프리미어룸과 디럭스룸, 스위트룸 중에서 고를 수 있으며 추가 비용을 지불하면 전망 욕실과 리버뷰 룸으로 업그레이드할 수 있다.  롯데면세점은 창립 40주년을 기념해 다음 달 30일까지 ‘파티 레드 인 스프링’ 행사를 진행한다. 페레가모, 발리, 발렌시아가 등 해외 유명 패션 브랜드를 최대 80까지 할인된 가격으로 구입할 수 있다. 잠실점 에비뉴엘은 프리미엄 업사이클 슈즈 브랜드 ‘포워드’ 팝업스토어를 국내 최초로 선보인다. 방문객에게는 에코백을 증정하며 상품권 이벤트도 진행한다.  롯데하이마트도 이른 폭염을 대비해 에어컨, 선풍기 등 여름시즌 가전 구매고객을 대상으로 5월 31일까지 다양한 제휴카드 혜택을 제공한다.  ◆가족·연인들을 위한 전시, 공연도 마련  롯데뮤지엄에서는 코로나19로 휴관했던 ‘투 더 문 윗 스누피’를 다시 연다.  이 전시는 달착륙 50주년을 기념해 인기 만화이자 아폴로 10호의 월면 착륙선명이었던 ‘스누피’를 매개체로 지난해 10월부터 진행됐다. 그러나 코로나19 확산으로 감염병 위기경보가 심각 단계로 격상하면서 지난 3월 16일 이후 휴관했다. 약 2개월 만에 전시는 재개하지만 생활 속 거리두기를 철저히 지키기 위해 당분간 도슨트 및 단체 관람은 허용하지 않으며, 나만을 위한 프라이빗 전시 관람 프로그램도 홈페이지 사전 예매를 통해 가능하다. 미리 티켓을 샀지만 전시가 중단돼 방문하지 못했던 관람객들은 구매한 티켓을 가져가면 사용할 수 있다.    롯데콘서트홀에서는 뮤지션 ‘멜로우 키친’이 베토벤, 모차르트 등 고전주의 시대 거장들의 음악을 재즈로 편곡해 선보이는 ‘엘 토요 콘서트’를 선보인다.  한편 롯데월드타워는 한국관광공사 ‘야간관광 100선’에 선정된 서울스카이 전망대, 석촌호수와 함께 야간관광 활성화를 위해 형형색색의 고보라이트 쇼를 선보인다. 5월 한 달간 매일 저녁 7시30분부터 10시까지 에비뉴엘 브릿지에서 연출되는 고보라이트 쇼는 그동안 타워에서 진행됐던 주요 행사 이미지를 형상화해 다채로운 색상과 무늬로 연출된다.   김기환 유통전문기자 kkh@segye.comⓒ 세상을 보는 눈, 세계일보"
63,여행,2020.05.22,Joins.com,소수·맞춤형·생태여행 시대 온다,"━   손민호의 레저터치      신종 코로나바이러스 감염증(코로나19)이 확산 중인 8일 오전 제주 서귀포시 표선면 가시리 조랑말생태공원 광장에 조성된 유채꽃밭을 시 당국이 트랙터 등 장비를 동원해 갈아 엎고 있다. [뉴시스]           여행이 금지된 시대 여행기자가 할 일은 마땅치 않았다. 타국에서 해코지당한 동포의 사연을 중계하는 건 열불나는 일이었고, 실의에 빠진 여행업계를 지켜보는 건 가슴 무너지는 일이었다. 정부가 “불필요한 여행” 운운할 때는 서운하기도 했다. 여행으로 먹고사는 사람에게 불필요한 여행은 없기 때문이다.      코로나 사태는 미처 몰랐던 우리네 관광산업의 민낯을 마주 보게끔 하였다. 이를테면 문화관광 축제의 실상이다. 작년까지만 해도 봄꽃 피는 자리마다 축제가 열렸었다. 엄청난 예산도 들어갔었다. 골짜기마다 관광객이 가득 차는 모습을 보고 관광정책의 성과에 으쓱하기도 했었다.      올해는 축제가 열리지 않았다. 꽃은 피었으나 축제는 멈춰 섰다. 그런데도 사람이 몰려왔다. 제발 오지 말라고 길을 막아도 꾸역꾸역 찾아들었고, 끝내 농민은 제 꽃밭을 갈아엎었다. 이 비극적인 장면에 뼈아픈 진실이 있었다. 우리는 여태 축제를 보러 축제에 갔던 게 아니었다. 꽃이 좋아서, 강산이 그리워서 그 먼 길을 찾아갔던 것이다. 그럼 그 많은 축제 예산은 어디에 쓰인 것일까? 바이러스는 사회 밑바닥에 깔린 혐오와 차별의 정서도 드러냈지만, 전국 문화관광 축제의 알량한 콘텐트도 까발렸다.      좋거나 싫거나 관광정책은 방향을 틀어야 한다. 방한 외국인 시장에 맞춰졌던 관광정책은 내수시장 경쟁력 강화로 수정되어야 한다. 한국인의 해외여행이 난망한 것처럼 외국인의 한국 여행도 막막할 것이어서다. 당장 두 달 뒤면 너도나도 바캉스 계획을 짤 터이다. 어디로 갈까? 국내 말고는 없다. 할인 이벤트? 글쎄다. 여행은 이제 목숨을 걸어야 하는 모험일 수 있다. ‘싸면 장땡’이던 시절은 끝났다.      낯선 이들과 어깨를 맞댄 차를 타고, 낯선 이들과 섞여 밥을 먹는 여행은 사라질 것이다. 소수 회원을 위한 전용 공간과 전용 서비스가 관광 시장의 대안으로 떠오를 것이다. 여행은 지금보다 훨씬 비싸지고 개인화할 것이다. 패키지여행사가 한숨만 내쉬던 지난 서너 달, VIP 회원 전용 시설은 제법 바빴다.      테러가 난무하는 시대를 겪고서 전 세계 공항의 보안 검색이 강화됐던 것처럼, 바이러스를 겪은 세계는 보안 검색보다 더 집요하고 성가신 위생 검색을 할 것이다. 생태관광은 당면한 과제가 될 것이고, 나아가 생명 관광이 구호처럼 등장할 것이다.      포스트 코로나 시대의 여행은 이미 답이 나와 있다. 여행하려면 목숨을 걸어야 하니 여행으로 먹고살려도 목숨을 걸어야 한다. 다들 절박하신가? 내 눈에는 아직도 자잘한 이득만 좇는 장사치가 더 많이 띈다.      손민호 레저팀장 ploveson@joongang.co.kr  ▶ 그래서, 팩트가 뭐야? 궁금하면 '팩플'▶ 내 돈 관리는 '그게머니' / 중앙일보 가기ⓒ중앙일보(https://joongang.co.kr), 무단 전재 및 재배포 금지"
64,여행,2020.05.22,Joins.com,출입국 여행자수 1980년대로 후퇴…여행사 하루 세 개꼴 문 닫아,"코로나가 바꾼 여행 풍경 7가지국제선 항공 이용객 95% 감소관광 크루즈 전면 운행 중단등산·캠핑 언택트 레저 인기신종 코로나바이러스 감염증(코로나19) 발발 이후 전 세계 관광산업은 유례없는 불황에 빠졌다. 사실상 지구촌 관광산업 전체가 멈춰 섰다고 해도 과언이 아니다. 세계관광기구(UNWTO)도 “올해 국가 간 관광객은 지난해보다 80% 줄어들 것”이라며 “기록을 시작한 1950년 이후 최악의 위기”라고 진단했다. 포스트 코로나 시대가 열리면 우리는 다시 여행할 수 있을까. 아마도 우리의 여행은 이전과 같지 않을 것이다. 서너 달 만에 바뀐, 또 앞으로 달라질 우리네 여행 풍경을 7개 장면으로 짚어봤다.    ① 텅 빈 공항     지난 3~4월 국제선 이용객이 95% 감소했다. 날지 못하는 비행기들이 공항에 서 있는 모습. [뉴스1]           한산하다 못해 을씨년스러운 공항은 코로나의 참상을 가장 극적으로 보여주는 공간이다. 국내 8개 공항의 3~4월 국제선 이용객(출발+도착)은 불과 80만 명. 지난해 같은 기간에 1503만 명이었으니, 무려 95% 감소했다. 이제 인간은 비행기를 바라보고 꿈을 꾸지 않는다. 비행기가 날개를 접으니 항공산업이 무너졌다. 올 상반기 국내 항공산업의 매출 피해액이 5조원에 이를 것이란 전망도 나온 상태다. 해외여행이 중단되자 면세점 매출도 뚝 떨어졌다. 롯데면세점의 올 1분기 영업이익은 지난해 대비 96% 급감했고, 신라면세점의 영업 손실액은 490억 원에 달했다.    ② 바다 위 감옥     일본 요코하마 항에 정박한 다이아몬드 프린세스 호. 지난 2월 코로나 집단 감염이 발생했다. [AP=연합뉴스]           2월 4일 일본 요코하마 항에 정박 예정이었던 초호화 크루즈 ‘다이아몬드 프린세스’ 호가 코로나 집단 감염으로 해상 격리되는 초유의 사건이 벌어졌다. 크루즈에는 승객과 승무원을 합쳐 3700여 명이 탑승했던 상태. 승객이 스마트폰으로 충격적인 선내 생활을 중개하면서 전 세계가 공포에 휩싸였다. 크루즈 확진자만 712명에 달했고 14명이 사망했다. 이후 홍콩·미국·호주에서도 크루즈 집단 감염 사태가 잇따랐다. 전 세계 언론은 ‘바다 위 호텔’로 불리던 크루즈를 ‘바다 위 감옥’으로 묘사했다. 한국의 크루즈 시장은 당분간 회복이 불가능하다는 전망이다. 중국 정부의 한한령 지침 이전인 2016년, 크루즈로 방한한 외국인은 220만 명이었다. 현재 프린세스 크루즈는 물론이고 카니발·로열캐리비안 등 대형 크루즈 선사 모두 운항을 중단했다.    ③ 혐오와 차별     코로나는 혐오와 차별을 부추겼다. 이스라엘 국민은 한국인 입국을 반대하는 시위를 벌였다. [로이터=연합뉴스]           2020년 한국의 여권 지수는 세계 3위다. 비자 없이 여권만 있으면 갈 수 있는 나라가 170개 국에 달한다. 한국의 강력한 ‘여권 파워’는 세계화 시대의 유력한 징표였다. 이제는 아니다. 코로나 사태 이후 한국인 입국을 제한한 국가와 자치구는 186곳에 달한다. 코로나 확산 초기에는 지구촌 곳곳에서 동양인을 조롱하거나 폭행하는 사건이 잇따랐다. 국가 차원에서 특정 국가 국민을 차별하는 일도 공공연히 일어났다. 이스라엘 정부는 2월 22일 한국발 대한항공 비행기가 텔아비브공항에 도착하자마자 한국인 승객을 돌려보냈다. 이스라엘 국민이 한국인 입국 반대 시위를 벌이는 장면은 코로나가 낳은 가장 아픈 풍경 중 하나다. 모리셔스 정부도 2월 25일 한국인 신혼부부 17쌍을 입국하자마자 열악한 시설에 격리했고, 베트남과 중국도 예고 없이 한국인 입국자를 격리했다. 세계관광기구는 “국제 관광 교류는 올해 말이나 2021년부터 서서히 회복될 것”이라고 예상했다.      ④ 부활하는 아웃도어     4월 25일 북한산 백운대에 모여든 사람들. 최근 등산·캠핑·자전거 같은 아웃도어가 주목받고 있다. [연합뉴스]           고강도 사회적 거리두기 방침이 완화된 뒤 첫 주말인 4월 25~26일. 전국 국립공원은 탐방객으로 북적거렸다. 4월 21일 재개 소식이 알려진 휴양림은 포털 실시간 검색어 5위로 급상승했다. 사실 정부가 방역 지침을 완화하기 전에도 산을 찾는 사람은 많았다. 코로나 확진자가 급증하던 4월 북한산 국립공원 탐방객 수는 지난해 4월보다 48%나 늘었다. 계룡산·지리산·치악산 국립공원도 지난해보다 탐방객이 증가한 것으로 나타났다. 포스트 코로나 시대에는 등산·걷기 여행·캠핑·자전거 등 이른바 ‘언택트 여행’이 유행할 것이라는 전망이 우세하다. 이미 아웃도어 시장은 꿈틀거리고 있다. ‘위메프’는 지난 4월 대표적인 차박(자동차 숙박) 용품인 차박 매트가 지난해 4월보다 6배 이상 팔렸다고 밝혔다. ‘옥션’은 4월 초보자용 낚시 세트가 지난해보다 86%, 자전거는 72% 판매가 늘었다고 알렸다.    ⑤ 꽃밭을 엎다     지난 4월 제주 서귀포시와 표선면 가시리 주민은 유채꽃밭을 트랙터로 갈아엎었다. 축제가 취소됐는데도관광객이 계속 찾아와서다. 강원도 삼척시도 축제 취소와 함께 맹방 유채꽃밭을 정리했다. [연합뉴스]           우리나라에는 1년에 1000개가 넘는 축제가 열린다. 2018년 주요 문화관광축제 40개의 방문객만 1155만 명이었다. 경제 효과는 8065억 원에 달했다. 올봄은 아니었다. 모든 축제가 취소됐다. 앞으로 언제 다시 축제가 열릴지 기약도 없다. 한데 뜻밖의 상황이 연출됐다. 해마다 축제가 열렸던 봄꽃 명소마다 사람이 몰려들었다. 화들짝 놀란 자치단체가 서둘러 축제장 입구를 차단하고 방문객의 접근을 막았다. 진해군항제가 열리는 경남 창원시는 시청 공무원이 축제장에 바리케이드를 친 뒤 당번을 정해 방문객을 쫓아냈고, 제주도 서귀포시와 강원도 삼척시의 유채꽃밭은 주민 스스로 엎어 버렸다.      ⑥ 80년대로 후퇴한 관광 코리아     지난 3월 방한 외래객 수는 1984년 2월 이후 최저치를 기록했다. 사진은 한산한 서울 명동 거리. [뉴스1]           코로나는 한국 관광의 시계를 1984년으로 되돌렸다. 3월 방한 외래객 수가 8만3497명에 그쳤다. 지난해 3월보다 무려 95% 감소했다. 한 달 기준으로 84년 2월(8만2345명) 이래 최저 기록이다. 3월의 한국인 출국자 수는 14만3366명이었다. 해외여행 자유화가 시작된 1989년 당시와 맞먹는 수치다. 출국자 수는 지난해 역대 최고 기록(2871만 명)을 세운 바 있다. 해외여행이 가능해져도 코로나 피해가 극심한 유럽과 북미를 방문하는 한국인은 크게 줄어들 것으로 보인다. 여행업계는 독립 빌라형 숙소가 많은 동남아 휴양지의 선호도가 높아질 것이라고 조심스러운 예상을 내놨지만, 국민 대다수는 아직도 여행 자체를 겁낸다.    ⑦ 하루 세 개꼴 문 닫은 여행사     인적이 완전히 끊긴 인천공항 1 터미널의 여행사 창구. 국내 여행사 직원 대부분이 휴직 상태다. [연합뉴스]           관광업계가 사상 초유의 사태에 직면하자 정부는 파격적인 대책을 연일 선보였다. 고용노동부가 여행업·항공업·관광숙박업을 ‘특별 고용유지 지원 업종’으로 지정해 직원 휴직 수당을 90%까지 지원하며, 문체부는 1000억원 특별 융자를 편성해 1090개 여행사에 559억원을 지원했다.(5월 14일 기준) 서울시도 1000개 여행사에 500만원씩 현금을 지급하는 지원 사업을 진행 중이다. 하지만 관광업계는 충격에서 헤어나오지 못하고 있다. 올해 들어 휴업·폐업한 여행사는 400여 개. 하루 세 개꼴로 여행사가 문을 닫은 셈이다. 사실 폐업 신고만 안 했지, 모든 여행사는 휴업 상태나 다름없다. 여행사 직원 대부분이 유·무급 휴직 중이고, 국내 최대 여행사인 하나투어는 다음 달부터 석 달간 직원 80% 무급 휴직을 시행한다.     도움말 주신 분 ▶이훈 한양대 관광학과 교수 ▶정태경 문체부 국내관광진흥과장 ▶이홍근 한국관광공사 테마관광팀 차장 ▶조일상 하나투어 홍보팀장 ▶이상무 참좋은여행 전무 ▶유효상 보령축제관광재단 기획팀장       최승표 기자 spchoi@joongang.co.kr  ▶ 그래서, 팩트가 뭐야? 궁금하면 '팩플'▶ 내 돈 관리는 '그게머니' / 중앙일보 가기ⓒ중앙일보(https://joongang.co.kr), 무단 전재 및 재배포 금지"
